page_num,genus,epithet,infra,author,taxon rank
616,Acanthophyllum,,,,genus
616,Acanthophyllum,Boiss.,,Boiss. et Hausskn. ,species
616,Aceras,,,,genus
616,Aceras,Boiss.,,Boiss. ,species
616,Aceras,(L.),,(L.) R. Br. ,species
616,Aceras,(L.),,(L.) Lindl. ,species
616,Aceras,(L.),,(L.) Reichb. ,species
616,Achyranthes,,,,genus
616,Achyranthes,L.,,L. ,species
616,Achyranthes,Lam.,,Lam. ,species
616,Acrostichutn,,,,genus
616,Acrostichutn,L.,,L. ,species
616,Acrostichutn,Ait.,,Ait. ,species
616,Adiantum,,,,genus
616,Adiantum,L.,,L. ,species
616,Aegilops,,,,genus
616,Aegilops,Boiss.,,Boiss. ,species
616,Aegilops,(Forsk.),,(Forsk.) Jaub. et Spach ,species
616,Aegilops,Vis.,,Vis. ,species
616,Aegilops,L.,,L. ,species
616,Aegilops,Zhuk.,,Zhuk. ,species
616,Aegilops,Boiss.,,Boiss. ,species
616,Aegilops,Host,,Host ,species
616,Aegilops,Eig,,Eig et Fein.br. ,species
616,Aegilops,L.,,L. ,species
616,Aegilops,L.,,L. ,species
616,Aegilops,Thell.,,Thell. ,species
616,Aegilops,Boiss.,,Boiss. ,species
616,Aegilops,Sav.,,Sav. ,species
616,Aegilops,Schw.,,Schw. et Muschl. ,species
616,Aegilops,Hoschstt.,,Hoschstt. ,species
616,Aegilops,L.,,L. ,species
616,Aegilops,Maire,,Maire et Weiller ,species
616,Aegilops,Eig,,Eig ,species
616,Aegilops,Tausch,,Tausch ,species
616,Aegilops,L.,,L. ,species
616,Aegilops,Willd.,,Willd. ,species
616,Aegilops,L.,,L. ,species
616,Aegilops,Zhuk.,,Zhuk. ,species
616,Aegilops,Eig.,,Eig. ,species
616,Aegilops,Tausch,,Tausch ,species
616,Aegilotricum,,,,genus
616,Aegilotricum,(Richt.),,(Richt.) Maire et Weiller ,species
616,Aellenia,,,,genus
616,Aellenia,(Bieb.),,(Bieb.) Aellen ,species
616,Aellenia,Bornm.),,Bornm.) Aellen ,species
616,Aeluropus,,,,genus
616,Aeluropus,L.),,L.) Druce ,species
616,Aeluropus,(Gouan),,(Gouan) Pari. ,species
616,AgropyrQn,,,,genus
616,AgropyrQn,Boiss.,,Boiss. ,species
616,AgropyrQn,Spreng.,,Spreng. ,species
616,AgropyrQn,C.,,C. Koch ,species
616,AgropyrQn,(Host),,(Host) Beauv. ,species
616,AgropyrQn,(L.),,(L.) Beauv. ,species
616,AgropyrQn,Boiss.,,Boiss. ,species
616,AgropyrQn,Hack.,,Hack. ,species
616,AgropyrQn,Bert.,,Bert. ,species
616,AgropyrQn,Pari.,,Pari. ,species
616,AgropyrQn,(L.),,(L.) Desv. ,species
616,AgropyrQn,(Roth),,(Roth) Link ,species
616,Agrostemma,,,,genus
616,Agrostemma,L..,,L.. ,species
616,Agrostemma,L.,,L. ,species
616,Agrostis,,,,genus
616,Agrostis,auct.,,auct. ,species
616,Agrostis,Gouan,,Gouan ,species
616,Agrostis,L.,,L. ,species
616,Agrostis,Boiss.,,Boiss. et Reut. ,species
616,Agrostis,M.,,M. Bieb. ,species
616,Agrostis,L.,,L. ,species
616,Agrostis,L.,,L. ,species
616,Agrostis,Schreb.,,Schreb. ,species
616,Agrostis,Boiss.,,Boiss. et Reut. ,species
616,Agrostis,(Forsk.),,(Forsk.) Christ. ,species
616,Agrostis,L.,,L. ,species
616,Agrostis,Gouan,,Gouan ,species
616,Agrostis,Vill.,,Vill. ,species
616,Aira,,,,genus
616,Aira,L.,,L. ,species
616,Aira,Desf.,,Desf. ,species
616,Aira,L.,,L. ,species
616,Aira,Host,,Host ,species
616,Aira,Willd.,,Willd. ,species
616,Aira,M.,,M. Bieb. ,species
616,Aira,(Pari.),,(Pari.) Bornm. ,species
616,Airopsis,,,,genus
616,Airopsis,(Pari.),,(Pari.) Nym. ,species
616,Aizoon,,,,genus
616,Aizoon,hispanicum,,,species
616,Alisma,,,,genus
616,Alisma,Michalet,,Michalet ,species
616,Alisma,L.,,L. ,species
616,Alisma,Gmel.,,Gmel. ,species
617,Alisma,FLORE,,FLORE ,species
617,Alisma,Ehrh.,,Ehrh. ,species
617,Alisma,Whit.,,Whit. ,species
617,Alisma,L.,,L. ,species
617,Alisma,L.,,L. ,species
617,Allium,,,,genus
617,Allium,Ledeb.,,Ledeb. ,species
617,Allium,L.,,L. ,species
617,Allium,Feinbr.,,Feinbr. ,species
617,Allium,Guss.,,Guss. ,species
617,Allium,W.,,W. Barb. ,species
617,Allium,Bornm.,,Bornm. ,species
617,Allium,Gomb.,,Gomb. ,species
617,Allium,Thiéb.,,Thiéb. ,species
617,Allium,Boiss.,,Boiss. ,species
617,Allium,Boiss.,,Boiss. ,species
617,Allium,Boiss.,,Boiss. ,species
617,Allium,L.,,L. ,species
617,Allium,Boiss.,,Boiss. ,species
617,Allium,Boiss.,,Boiss. et Reut. ,species
617,Allium,Boiss.,,Boiss. ,species
617,Allium,Tineo,,Tineo ,species
617,Allium,Boiss.,,Boiss. et Gaill. ,species
617,Allium,Feinbr.,,Feinbr. ,species
617,Allium,Sibth.,,Sibth. et Smith ,species
617,Allium,syriaci,,syriaci Feinbr. ,species
617,Allium,C.,,C. A. Mey. ,species
617,Allium,Feinbr.,,Feinbr. ,species
617,Allium,dumetorum,,,species
617,Allium,Rech.,,Rech. ,species
617,Allium,Zucc.,,Zucc. ,species
617,Allium,Boiss.,,Boiss. ,species
617,Allium,Oppenh.,,Oppenh. ,species
617,Allium,d'Urv.,,d'Urv. ,species
617,Allium,Nabelek,,Nabelek ,species
617,Allium,Boiss.,,Boiss. ,species
617,Allium,Zucc.,,Zucc. ,species
617,Allium,Post,,Post ,species
617,Allium,Boiss.,,Boiss. et Noë ,species
617,Allium,Boiss.,,Boiss. ,species
617,Allium,Siehe,,Siehe ,species
617,Allium,Boiss.,,Boiss. et Hausskn. ,species
617,Allium,Post,,Post ,species
617,Allium,Ledeb.,,Ledeb. ,species
617,Allium,Boiss.,,Boiss. ,species
617,Allium,Cyr.,,Cyr. ,species
617,Allium,L.,,L. ,species
617,Allium,Reut.,,Reut. ,species
617,Allium,Boiss.,,Boiss. ,species
617,Allium,Rech.,,Rech. ,species
617,Allium,Boiss.,,Boiss. ,species
617,Allium,L.,,L. ,species
617,Allium,L.,,L. ,species
617,Allium,Boiss.,,Boiss. ,species
617,Allium,L.,,L. ,species
617,Allium,Moût.,,Moût. ,species
617,Allium,Rech.,,Rech. fil. ,species
617,Allium,Moût.,,Moût. ,species
617,Allium,Zucc.,,Zucc. ,species
617,Allium,L.,,L. ,species
617,Allium,ﬁoiss.,,ﬁoiss. ,species
617,Allium,Gomb.,,Gomb. ,species
617,Allium,L.,,L. ,species
617,Allium,Boiss.,,Boiss. ,species
617,Allium,Zucc.,,Zucc. ,species
617,Allium,L.,,L. ,species
617,Allium,Boiss.,,Boiss. et Hausskn. ,species
617,Allium,L.,,L. ,species
617,Allium,Boiss.,,Boiss. ,species
617,Allium,Boiss.,,Boiss. et Ky ,species
617,Allium,L.,,L. ,species
617,Allium,Eig,,Eig ,species
617,Allium,Cyr.,,Cyr. ,species
617,Allium,L.,,L. ,species
617,Allium,Tineo,,Tineo ,species
617,Allium,Regel,,Regel ,species
617,Allium,Boiss.,,Boiss. et Noë ,species
617,Alnus,,,,genus
617,Alnus,Decne,,Decne ,species
617,Aloe,,,,genus
617,Aloe,L.,,L. ,species
617,Alopecurus,,,,genus
617,Alopecurus,L.,,L. ,species
617,Alopecurus,Boiss.,,Boiss. ,species
617,Alopecurus,Poir.,,Poir. ,species
617,Alopecurus,(Ail.),,(Ail.) Vill. ,species
617,Alopecurus,Post,,Post ,species
617,Alopecurus,L.,,L. ,species
617,Alopecurus,Huds.,,Huds. ,species
617,Alopecurus,Hornem,,Hornem ,species
617,Alopecurus,L.,,L. ,species
617,Alopecurus,(Willd.),,(Willd.) Pali. ,species
617,Alopecurus,Pers.,,Pers. ,species
617,Alsine,,,,genus
617,Alsine,Boiss.,,Boiss. ,species
617,Alsine,Fenzl,,Fenzl ,species
617,Alsine,Fenzl,,Fenzl ,species
617,Alsine,C.,,C. A. Mey. ,species
617,Alsine,Boiss.,,Boiss. ,species
617,Alsine,(L.),,(L.) Fenzl ,species
617,Alsine,Boiss.,,Boiss. ,species
617,Alsine,L.,,L. ,species
617,Alsine,Boiss.,,Boiss. ,species
617,Alsine,Boiss.,,Boiss. ,species
617,Alsine,(Sibth.,,(Sibth. et Smith) Fenzl ,species
617,Alsine,(Lab.),,(Lab.) Fenzl ,species
617,Alsine,Fenzl,,Fenzl ,species
617,Alsine,Gay,,Gay ,species
617,Alsine,(L.),,(L.) Crantz ,species
617,Alsine,(Sibth.,,(Sibth. et Smith) Boiss. ,species
617,Alternanthera,,,,genus
617,Alternanthera,(Lam.),,(Lam.) Voss. ,species
617,Alternanthera,(L.),,(L.) R. Br. ,species
617,Alternanthera,(Lam.),,(Lam.) Niehls. ,species
618,,FLORE,,FLORE ,species
618,Amaranthus,,,,genus
618,Amaranthus,L.,,L. ,species
618,Amaranthus,Lam.,,Lam. ,species
618,Amaranthus,Loisel.,,Loisel. ,species
618,Amaranthus,G.,,G. Wats. ,species
618,Amaranthus,L.,,L. ,species
618,Amaranthus,L.,,L. ,species
618,Amaranthus,Willd.,,Willd. ,species
618,Amaranthus,L.,,L. ,species
618,Amaranthus,L.,,L. ,species
618,Amaranthus,Desf.,,Desf. ,species
618,Amaranthus,L.,,L. ,species
618,Amaranthus,L.,,L. ,species
618,Amaranthus,L.,,L. ,species
618,Amaranthus,L.,,L. ,species
618,Amaranthus,L.,,L. ,species
618,Amaranthus,L.,,L. ,species
618,Amaranthus,Bertol.,,Bertol. ,species
618,Amaranthus,L.,,L. ,species
618,Amaranthus,L.,,L. ,species
618,Amaryllis,,,,genus
618,Amaryllis,Labili.,,Labili. ,species
618,Amaryllis,Pall.,,Pall. ,species
618,Ammochloa,,,,genus
618,Ammochloa,M.,,M. Bieb. ,species
618,Ammochloa,Boiss.,,Boiss. ,species
618,Ammochloa,Bal.,,Bal. ,species
618,Ammophila,,,,genus
618,Ammophila,(L.),,(L.) Link ,species
618,Ammophila,Host,,Host ,species
618,Anabasis,,,,genus
618,Anabasis,Del.,,Del. ,species
618,Anabasis,L.,,L. ,species
618,Anabasis,Forsk.,,Forsk. ,species
618,Anabasis,Bge,,Bge ,species
618,Anabasis,Kar.,,Kar. et Kir. ,species
618,Anabasis,Dingier,,Dingier ,species
618,Anabasis,Moqu.,,Moqu. ,species
618,Anabasis,L.,,L. fil. ,species
618,Anacamptis,,,,genus
618,Anacamptis,(L.),,(L.) L. C. Rich. ,species
618,Androcymbium,,,,genus
618,Androcymbium,(Boiss.),,(Boiss.) Baker ,species
618,Andropogon,,,,genus
618,Andropogon,(Lam.,,(Lam. et D.C.) Rœm. ,species
618,Andropogon,Edgw.,,Edgw. ,species
618,Andropogon,L.,,L. ,species
618,Andropogon,L.,,L. ,species
618,Andropogon,L.,,L. ,species
618,Andropogon,L.,,L. ,species
618,Andropogon,L.,,L. ,species
618,Andropogon,Boiss.,,Boiss. ,species
618,Andropogon,Vis.,,Vis. ,species
618,Andropogon,L.,,L. ,species
618,Andropogon,Host,,Host ,species
618,Ankyropetalum,,,,genus
618,Ankyropetalum,Boiss.,,Boiss. ,species
618,Ankyropetalum,Schult.,,Schult. ,species
618,Ankyropetalum,Boiss.,,Boiss. ,species
618,Ankyropetalum,Fenzl,,Fenzl ,species
618,Anagramme,,,,genus
618,Anagramme,(L.),,(L.) Link ,species
618,Anthistiria,,,,genus
618,Anthistiria,Boiss.,,Boiss. ,species
618,Anthistiria,L.,,L. fil. ,species
618,Anthoxanthum,,,,genus
618,Anthoxanthum,L.,,L. ,species
618,Antinoria,,,,genus
618,Antinoria,Pari.,,Pari. ,species
618,Apera,,,,genus
618,Apera,(L.),,(L.) Beauv. ,species
618,Arceuthobium,,,,genus
618,Arceuthobium,(D.C.),,(D.C.) M. Bieb. ,species
618,Arceuthos,,,,genus
618,Arceuthos,(Lab.),,(Lab.) Ant. et Ky ,species
618,Arenaria,,,,genus
618,Arenaria,Peyron,,Peyron ,species
618,Arenaria,Soleirol,,Soleirol ,species
618,Arenaria,Boiss.,,Boiss. ,species
618,Arenaria,Decne,,Decne ,species
618,Arenaria,Guss.,,Guss. ,species
618,Arenaria,Lab.,,Lab. ,species
618,Arenaria,Schreb.,,Schreb. ,species
618,Arenaria,Vill.,,Vill. ,species
618,Arenaria,L.,,L. ,species
618,Arenaria,Guss.,,Guss. ,species
618,Arenaria,otica,,otica Ky ,species
618,Arenaria,D;C.,,D;C. ,species
618,Arenaria,L.,,L. ,species
618,Arenaria,Ledeb.,,Ledeb. ,species
618,Arenaria,Sibth.,,Sibth. et Smith ,species
618,Arenaria,Sibth.,,Sibth. et Smith ,species
618,Arenaria,Boiss.,,Boiss. et Heldr. ,species
618,Arenaria,Sibth.,,Sibth. et Smith ,species
618,Arenaria,d'Urv.,,d'Urv. ,species
618,Arenaria,L.,,L. ,species
618,Arenaria,Labili.,,Labili. ,species
618,Arenaria,Bunge,,Bunge ,species
618,Arenaria,L.,,L. ,species
618,Arenaria,Ser.,,Ser. ,species
618,Arenaria,Fenzl,,Fenzl ,species
618,Arenaria,Boiss.,,Boiss. ,species
618,Arenaria,Schreb.,,Schreb. ,species
618,Arisarum,,,,genus
618,Arisarum,Schott,,Schott ,species
618,Arisarum,Schott,,Schott ,species
618,Arisarum,Targ.-Tozz.,,Targ.-Tozz. ,species
618,Aristella,,,,genus
618,Aristella,(L.),,(L.) Bertol. ,species
618,Aristida,,,,genus
618,Aristida,L.,,L. ,species
618,Aristida,Desf.,,Desf. ,species
618,Aristida,Poir.,,Poir. ,species
618,Aristida,Tausch,,Tausch ,species
618,Aristida,Forsk.,,Forsk. ,species
619,Aristida,FLORE,,FLORE ,species
619,Aristida,L.,,L. ,species
619,Aristida,Decne,,Decne ,species
619,Aristolochia,,,,genus
619,Aristolochia,Desf.,,Desf. ,species
619,Aristolochia,Jaub.,,Jaub. et Spach ,species
619,Aristolochia,Jaub.,,Jaub. et Spach ,species
619,Aristolochia,L.,,L. ,species
619,Aristolochia,Sibth.,,Sibth. et Sm. ,species
619,Aristolochia,Boiss.,,Boiss. ,species
619,Aristolochia,Boiss.,,Boiss. ,species
619,Aristolochia,L.,,L. ,species
619,Arrhenatherum,,,,genus
619,Arrhenatherum,Beauv.,,Beauv. ,species
619,Arrhenatherum,(L.),,(L.) Mert. et Koch ,species
619,Arrhenatherum,Boiss.,,Boiss. ,species
619,Arrhenatherum,Boiss.,,Boiss. ,species
619,Arthrocnemum,,,,genus
619,Arthrocnemum,Loscos,,Loscos et Pardo ,species
619,Arthrocnemum,(L.),,(L.) Moq. ,species
619,Arthrocnemum,(Del.),,(Del.) Ung.-Sternb. ,species
619,Arum,,,,genus
619,Arum,L.,,L. ,species
619,Arum,Ky,,Ky ,species
619,Arum,C.,,C. A. Mey. ,species
619,Arum,Sibth.,,Sibth. et Smith ,species
619,Arum,Stev.,,Stev. ,species
619,Arum,Schott,,Schott ,species
619,Arum,Boiss.,,Boiss. ,species
619,Arum,Banks,,Banks et Sol. ,species
619,Arum,Mill.,,Mill. ,species
619,Arum,Boiss.,,Boiss. ,species
619,Arum,M.,,M. Bieb. ,species
619,Arum,Boiss.,,Boiss. ,species
619,Arum,Blume,,Blume ,species
619,Arum,Boiss.,,Boiss. ,species
619,Arum,Blume,,Blume ,species
619,Arum,Blume,,Blume ,species
619,Arundo,,,,genus
619,Arundo,L.,,L. ,species
619,Arundo,L.,,L. ,species
619,Arundo,L.,,L. ,species
619,Arundo,Schrad.,,Schrad. ,species
619,Arundo,Desf.,,Desf. ,species
619,Arundo,L.,,L. ,species
619,Arundo,Turra,,Turra ,species
619,Arundo,Turra,,Turra ,species
619,Arundo,Hall.,,Hall. fil. ,species
619,Asarum,hypocistis,,hypocistis L. ,species
619,Asparagus,,,,genus
619,Asparagus,L.,,L. ,species
619,Asparagus,L.,,L. ,species
619,Asparagus,L.,,L. ,species
619,Asparagus,Baker,,Baker ,species
619,Asparagus,Forsk.,,Forsk. ,species
619,Asparagus,Bunge,,Bunge ,species
619,Asphodeline,,,,genus
619,Asphodeline,(Bertol.),,(Bertol.) J. Gay ,species
619,Asphodeline,Boiss.,,Boiss. ,species
619,Asphodeline,(Zoh.),,(Zoh.) Moût. ,species
619,Asphodeline,Gay,,Gay ,species
619,Asphodeline,J.,,J. Gay ,species
619,Asphodeline,(Scop.),,(Scop.) Reichenb. ,species
619,Asphodeline,(L.),,(L.) Reichenb. ,species
619,Asphodeline,Post,,Post ,species
619,Asphodeline,(Pall.),,(Pall.) Kunth ,species
619,Asphodeline,(Fisch.),,(Fisch.) Ledeb. ,species
619,Asphodelusi,,,,genus
619,Asphodelusi,Brot.,,Brot. ,species
619,Asphodelusi,Bertol.,,Bertol. ,species
619,Asphodelusi,L.,,L. ,species
619,Asphodelusi,Stev.,,Stev. ,species
619,Asphodelusi,Scop.,,Scop. ,species
619,Asphodelusi,L.,,L. ,species
619,Asphodelusi,Salzm.,,Salzm. et Viv. ,species
619,Asphodelusi,L.,,L. ,species
619,Asphodelusi,Pali.,,Pali. ,species
619,Aspidium,,,,genus
619,Aspidium,Rosenstock,,Rosenstock ,species
619,Asplenium,,,,genus
619,Asplenium,L.,,L. ,species
619,Asplenium,Boiss.,,Boiss. ,species
619,Asplenium,L.,,L. ,species
619,Asplenium,Bernh.,,Bernh. ,species
619,Asplenium,Godet,,Godet et Reut. ,species
619,Asplenium,L.,,L. ,species
619,Asplenium,(D.C.),,(D.C.) A. Bange ,species
619,Asplenium,L.,,L. ,species
619,Asplenium,L.,,L. ,species
619,Athyrium,,,,genus
619,Athyrium,(L.),,(L.) Roth ,species
619,Atraphaxis,,,,genus
619,Atraphaxis,Jaub.,,Jaub. et Spach ,species
619,Atraphaxis,L.,,L. ,species
619,Atriplex,,,,genus
619,Atriplex,Boiss.,,Boiss. ,species
619,Atriplex,Post,,Post ,species
619,Atriplex,Post,,Post ,species
619,Atriplex,Boiss.,,Boiss. ,species
619,Atriplex,L.,,L. ,species
619,Atriplex,L.,,L. ,species
619,Atriplex,L.,,L. ,species
619,Atriplex,Bunge,,Bunge ,species
619,Atriplex,L.,,L. ,species
619,Atriplex,Boiss.,,Boiss. ,species
619,Atriplex,Boiss.,,Boiss. ,species
619,Atriplex,L.,,L. ,species
619,Atriplex,C.,,C. A. Mey. ,species
619,Atriplex,Boiss.,,Boiss. ,species
619,Atriplex,Moq.,,Moq. ,species
619,Atriplex,L.,,L. ,species
620,Atriplex,FLORE,,FLORE ,species
620,Atriplex,L.,,L. ,species
620,Atriplex,L.,,L. ,species
620,Atriplex,Viv.,,Viv. ,species
620,Atriplex,L.,,L. ,species
620,Atriplex,Boiss.,,Boiss. et Noë ,species
620,Atriplex,Moqu.,,Moqu. ,species
620,Atriplex,Moût.,,Moût. ,species
620,Atropis,,,,genus
620,Atropis,(Hornem.),,(Hornem.) Griseb. ,species
620,Atropis,(L.),,(L.) Rupr. ,species
620,Avena,,,,genus
620,Avena,Vahl,,Vahl ,species
620,Avena,Potter,,Potter ,species
620,Avena,Dur.,,Dur. ,species
620,Avena,Presl,,Presl ,species
620,Avena,L.,,L. ,species
620,Avena,L.,,L. ,species
620,Avena,L.,,L. ,species
620,Avena,L.,,L. ,species
620,Avena,Stev.,,Stev. ,species
620,Avena,Schrad.,,Schrad. ,species
620,Avena,M.,,M. Bieb. ,species
620,Avena,L.,,L. ,species
620,Avena,L.,,L. ,species
620,Avena,L.,,L. ,species
620,Avena,Steud.,,Steud. ,species
620,Axyris,ceratoides,,ceratoides L. ,species
620,Baldingera,colorata,,colorata FI. Witt. ,species
620,Bassia,,,,genus
620,Bassia,(Bo,,(Bo s.) Maire et Weiller ,species
620,Bassia,(Schrad.),,(Schrad.) O. Kuntze ,species
620,Bassia,Pali.),,Pali.) O. Kuntze ,species
620,Bassia,(Boiss.),,(Boiss.) O. Kuntze ,species
620,Bassia,L.),,L.) Murr. ,species
620,Beckmannia,,,,genus
620,Beckmannia,(L.),,(L.) Host ,species
620,Behen,vulgaris,,vulgaris Mœnch ,species
620,Bellevalia,,,,genus
620,Bellevalia,(Gyr.),,(Gyr.) Nées ,species
620,Bellevalia,Boiss.,,Boiss. ,species
620,Bellevalia,Pabot,,Pabot et Moût. ,species
620,Bellevalia,Boiss.,,Boiss. ,species
620,Bellevalia,Moût.,,Moût. ,species
620,Bellevalia,Post,,Post ,species
620,Bellevalia,Boiss.,,Boiss. ,species
620,Bellevalia,Feinbr.,,Feinbr. ,species
620,Bellevalia,Boiss.,,Boiss. et Ky ,species
620,Bellevalia,Feinbr.,,Feinbr. ,species
620,Bellevalia,Feinbr.,,Feinbr. ,species
620,Bellevalia,Boiss.,,Boiss. ,species
620,Beta,,,,genus
620,Beta,L.,,L. ,species
620,Beta,L.,,L. ,species
620,Biarum,,,,genus
620,Flore,,,,genus
620,Flore,Thiéb.,,Thiéb. ,species
620,Flore,(J.,,(J. E. Hook.) Boiss. ,species
620,Flore,Moût.,,Moût. ,species
620,Flore,Blume,,Blume ,species
620,Flore,(Schott),,(Schott) Engler ,species
620,Flore,(Schott),,(Schott) Engler ,species
620,Flore,Schott,,Schott ,species
620,Bilderdykia,,,,genus
620,Bilderdykia,(L.),,(L.) Dumort. ,species
620,Blechnum,,,,genus
620,Blechnum,(L.),,(L.) Roth. ,species
620,Blitum,,,,genus
620,Blitum,(L.),,(L.) Reichenb. ,species
620,Blitum,L.,,L. ,species
620,Blysmus,,,,genus
620,Blysmus,(L.),,(L.) Panzer ,species
620,Bœrhavia,,,,genus
620,Bœrhavia,plumbaginea,,,species
620,Boissiera,,,,genus
620,Boissiera,(Hochstt.),,(Hochstt.) Steud. ,species
620,Boissiera,(Trin.),,(Trin.) Hackel ,species
620,Bolanthus,,,,genus
620,Bolanthus,(Boiss.),,(Boiss.) Bark. ,species
620,Bolanthus,(Boiss.),,(Boiss.) Bark. ,species
620,Bolanthus,(Lab.),,(Lab.) Bark. ,species
620,Bothriochloa,,,,genus
620,Bothriochloa,(L.),,(L.) Mansfeld ,species
620,Brachiaria,,,,genus
620,Brachiaria,(Sibth.,,(Sibth. et Smith) Gmel. ,species
620,Brachiaria,(Forsk.),,(Forsk.) Stapf ,species
620,Brachypodium,,,,genus
620,Brachypodium,(L.),,(L.) Beauv< ,species
620,Brachypodium,(L.),,(L.) Beauv. ,species
620,Brachypodium,(L.),,(L.) Roem. et Schult. ,species
620,Brachypodium,(Huds.),,(Huds.) Beauv. ,species
620,Briza,,,,genus
620,Briza,L.,,L. ,species
620,Briza,M.,,M. Bieb. ,species
620,Briza,L.,,L. ,species
620,Briza,L.,,L. ,species
620,Briza,Sibth.,,Sibth. et Smith ,species
620,Bromus,,,,genus
620,Bromus,Tausch,,Tausch ,species
620,Bromus,Poir.,,Poir. ,species
620,Bromus,Poir.,,Poir. ,species
620,Bromus,Boiss.,,Boiss. et Heldr. ,species
620,Bromus,L.,,L. ,species
620,Bromus,A.,,A. Camus et R. Gomb. ,species
620,Bromus,Host,,Host ,species
620,Bromus,Desf.,,Desf. ,species
620,Bromus,Trin.,,Trin. ,species
620,Bromus,Ail.,,Ail. ,species
620,Bromus,L.,,L. ,species
620,Bromus,Rohde,,Rohde ,species
620,Bromus,Huds.,,Huds. ,species
620,Bromus,Presl,,Presl ,species
620,Bromus,(Hack.),,(Hack.) Boiss. ,species
621,Bromus,FLORE,,FLORE ,species
621,Bromus,Pari.,,Pari. ,species
621,Bromus,L.,,L. ,species
621,Bromus,Guss.,,Guss. ,species
621,Bromus,Thunb.,,Thunb. ,species
621,Bromus,Roth,,Roth ,species
621,Bromus,Desf.,,Desf. ,species
621,Bromus,L.,,L. ,species
621,Bromus,Desf.,,Desf. ,species
621,Bromus,L.,,L. ,species
621,Bromus,Payne,,Payne ,species
621,Bromus,Melderis,,Melderis ,species
621,Bromus,Mert.,,Mert. et Koch ,species
621,Bromus,L.,,L. ,species
621,Bromus,L.,,L. ,species
621,Bromus,L.,,L. ,species
621,Bromus,Roth,,Roth ,species
621,Bromus,L.,,L. ,species
621,Bromus,L.,,L. ,species
621,Bromus,L.,,L. ,species
621,Bromus,L.,,L. ,species
621,Bromus,Boiss.,,Boiss. et Bl. ,species
621,Bromus,L.,,L. ,species
621,Bromus,Boiss.,,Boiss. ,species
621,Bromus,Forsk.,,Forsk. ,species
621,Broussonetia,papyrifera,,papyrifera (L.) L'Hér. ,species
621,Buffonia,,,,genus
621,Buffonia,Sam.,,Sam. ,species
621,Buffonia,Boiss.,,Boiss. ,species
621,Buffonia,Gay,,Gay ,species
621,Buffonia,Decne,,Decne ,species
621,Buffonia,Dubois,,Dubois ,species
621,Buffonia,Vill.,,Vill. ,species
621,Buffonia,Boiss.,,Boiss. ,species
621,Bulbillaria,gageoides,,gageoides Zucc. ,species
621,Butomus,,,,genus
621,Butomus,L.,,L. ,species
621,Calamagrostis,,,,genus
621,Calamagrostis,(L.),,(L.) Roth ,species
621,Calamagrostis,(Schrad.),,(Schrad.) D.C. ,species
621,Calamagrostis,(Hall,,(Hall Fil.) Kœl. ,species
621,Calligonum,,,,genus
621,Calligonum,L'Hér.,,L'Hér. ,species
621,Calligonum,Jaub.,,Jaub. et Spach ,species
621,Cannabis,,,,genus
621,Cannabis,L.,,L. ,species
621,Carex,,,,genus
621,Carex,L.,,L. ,species
621,Carex,Ehrh.,,Ehrh. ,species
621,Carex,Heuff.,,Heuff. ,species
621,Carex,Wimm.,,Wimm. ,species
621,Carex,Hoppe,,Hoppe ,species
621,Carex,L.,,L. ,species
621,Carex,Druce,,Druce ,species
621,Carex,Huds.,,Huds. ,species
621,Carex,Stokes,,Stokes ,species
621,Carex,Stokes,Murr.,,echinata
621,Carex,Stokes,Desf.,,echinata
621,Carex,Stokes,Good.,,extensa
621,Carex,Stokes,Schreb.,,flacca
621,Carex,Stokes,Scop.,,glauca
621,Carex,Stokes,Curt.,,gracilis
621,Carex,Stokes,Vill.,,gynobasis
621,Carex,Stokes,Asso,,halleriana
621,Carex,Stokes,Willd.,,hispida
621,Carex,Stokes,L.,,leporina
621,Carex,Stokes,Scop.,,maxima
621,Carex,Stokes,Clarke,,mediterranea
621,Carex,Stokes,L.,,muricata
621,Carex,Stokes,Rebent.,,nemorosa
621,Carex,Stokes,Podp.,,otrubae
621,Carex,Stokes,Gay,,pachystylisj.
621,Carex,Stokes,F.,Schultz ,pairaei
621,Carex,Stokes,L.,,pallescens
621,Carex,Stokes,Good.,,paludosa
621,Carex,Stokes,Huds.,,pendula
621,Carex,Stokes,C.,A. Mey. ,phyllostachys
621,Carex,Stokes,L.,,pseudocyperus
621,Carex,Stokes,Poir.,,pubescens
621,Carex,Stokes,L.,,remota
621,Carex,Stokes,Gurt.,,riparia
621,Carex,Stokes,(L.),Simonk ,rufa
621,Carex,Stokes,Huds.,,silvatica
621,Carex,Stokes,Good.,,stellulata
621,Carex,Stokes,Wahlenb.,,stenophylla
621,Carex,Stokes,Senay,,subvùlpina
621,Carex,Stokes,L.,,vulpina
621,Caroxylon,,,,genus
621,Caroxylon,,(Cav.),Moqu. ,articulatum
621,Caroxylon,,Moqu.,,salicomicum
621,Carpinus,,,,genus
621,Carpinus,,Scop.,,duinensis
621,Carpinus,,Mill.,,orientalis
621,Carpobrotus,edulis,,edulis (L.) N. E. Br. ,species
621,Castanea,sativa,,sativa L. ,species
621,Catabrosa,,,,genus
621,Catabrosa,,(L.),Beauv. ,aquatica
621,Catabrosa,,(M.,Bieb.) Trin. ,humilis
621,Catapodium,,,,genus
621,Catapodium,,(Huds.),Link ,loliaceum
621,Catapodium,,(L.),C. Hubb. ,rigidum
621,Caulinia,,,,genus
621,Caulinia,Willd.,,Willd. ,species
621,Caulinia,(Del.),,(Del.) Batt. ,species
621,Cedrus,,,,genus
621,Cedrus,Juss.,,Juss. ,species
621,Cedrus,A.,,A. Rich. ,species
621,Cedrus,Link,,Link ,species
621,Celosia,çristata,,çristata L. ,species
621,Celtis,,,,genus
621,Celtis,L.,,L. ,species
621,Celtis,Lam.,,Lam. ,species
621,Cenchrus,,,,genus
622,Cenchrus,FLORE,,FLORE ,species
622,Cenchrus,Desf.,,Desf. ,species
622,Cenchrus,L.,,L. ,species
622,Cenchrus,L.,,L. ,species
622,Cephalanthera,,,,genus
622,Cephalanthera,(Mill.),,(Mill.) Druce ,species
622,Cephalanthera,Murr.),,Murr.) L. C. Rich. ,species
622,Cephalanthera,Fisch.,,Fisch. et Mey. ,species
622,Cephalanthera,Bornm.,,Bornm. ,species
622,Cephalanthera,(Huds.),,(Huds.) Fritsch ,species
622,Cephalanthera,(Jundz.),,"(Jundz.) L. G. Rich, ",species
622,Cephalanthera,(L.),,(L.) L. C. Rich. ,species
622,Gerastium,,,,genus
622,Gerastium,Walsdt.,,Walsdt. et Kit. ,species
622,Gerastium,Pers.,,Pers. ,species
622,Gerastium,(L.),,(L.) Britton. ,species
622,Gerastium,Desv.,,Desv. ,species
622,Gerastium,L.,,L. ,species
622,Gerastium,(Bast.),,(Bast.) Schw. ,species
622,Gerastium,Fries,,Fries ,species
622,Gerastium,Gren.,,Gren. et Godr. ,species
622,Gerastium,Thuill.,,Thuill. ,species
622,Gerastium,Fries,,Fries ,species
622,Gerastium,Ser.,,Ser. ,species
622,Gerastium,Link,,Link ,species
622,Gerastium,Boiss.,,Boiss. ,species
622,Gerastium,Guss.,,Guss. ,species
622,Gerastium,L.,,L. ,species
622,Gerastium,L.,,L. ,species
622,Gerastium,Curtis,,Curtis ,species
622,Gerastium,Boiss.,,Boiss. et Heldr. ,species
622,Gerastium,L.,,L. ,species
622,Gerastium,Viv.,,Viv. ,species
622,Gerastium,Willd.,,Willd. ,species
622,Gerastium,L.,,L. ,species
622,Geterach,,,,genus
622,Geterach,Lam.,,Lam. et D.C. ,species
622,Cheilanthes,,,,genus
622,Cheilanthes,Webb,,Webb et Berth. ,species
622,Cheilanthes,(Reich.),,(Reich.) Christ. ,species
622,Chenolea,,,,genus
622,Chenolea,Boiss.,,Boiss. ,species
622,Chenopodium,,,,genus
622,Chenopodium,L.,,L. ,species
622,Chenopodium,L.,,L. ,species
622,Chenopodium,L.,,L. ,species
622,Chenopodium,(Mœnch),,(Mœnch) Asch. ,species
622,Chenopodium,L.,,L. ,species
622,Chenopodium,Schrad.,,Schrad. ,species
622,Chenopodium,L.,,L. ,species
622,Chenopodium,L.,,L. ,species
622,Chenopodium,L.,,L. ,species
622,Chenopodium,(L.),,(L.) Ambrosi ,species
622,Chenopodium,L.,,L. ,species
622,Chrysopogon,,,,genus
622,Chrysopogon,(L.),,(L.) Trin. ,species
622,Cladium,,,,genus
622,Cladium,(L.),,(L.) R. Br. ,species
622,Colchicum,,,,genus
622,Colchicum,R.,,R. Gomb. ,species
622,Colchicum,Planch.,,Planch. ,species
622,Colchicum,Boiss.,,Boiss. et Hausskn. ,species
622,Colchicum,Park.,,Park. ,species
622,Colchicum,Schott,,Schott et Ky ,species
622,Colchicum,Boiss.,,Boiss. ,species
622,Colchicum,Boiss.,,Boiss. ,species
622,Colchicum,syriaci,,syriaci Feinbr. ,species
622,Colchicum,(L.),,(L.) Boiss. ,species
622,Colchicum,Freyn,,Freyn ,species
622,Colchicum,Boiss.,,Boiss. ,species
622,Colchicum,Feinbr.,,Feinbr. ,species
622,Colchicum,Stev.,,Stev. ,species
622,Colchicum,Ehrenb.,,Ehrenb. ,species
622,Colchicum,R.,,R. Br. ,species
622,Colchicum,Kunth,,Kunth ,species
622,Colchicum,Siehe,,Siehe ,species
622,Colchicum,Feinbr.,,Feinbr. ,species
622,Colchicum,Feinbr.,,Feinbr. ,species
622,Colpodium,,,,genus
622,Colpodium,(M.,,(M. Bieb.) Asch. et Gr. ,species
622,Comperia,comperiana,,comperiana (Stev. Asch. et ,species
622,Cornucopiae,,,,genus
622,Cornucopiae,L.,,L. ,species
622,Cornucopiae,L.,,L. ,species
622,Cornucopiae,(Post),,(Post) Mez. ,species
622,Cornulaca,,,,genus
622,Cornulaca,Moqu.,,Moqu. ,species
622,Corrigiola,,,,genus
622,Corrigiola,L.,,L. ,species
622,Corylus,,,,genus
622,Corylus,L.,,L. ,species
622,Corynephorus,,,,genus
622,Corynephorus,(Desf.),,(Desf.) Beauv. ,species
622,Corynephorus,Bornm.,,Bornm. ,species
622,Crithopsis,,,,genus
622,Crithopsis,(Schult.),,(Schult.) Nevski ,species
622,Crocus,,,,genus
622,Crocus,Baker,,Baker ,species
622,Crocus,Herb.,,Herb. ,species
622,Crocus,Ky,,Ky ,species
622,Crocus,Herb.,,Herb. ,species
622,Crocus,Bowles,,Bowles ,species
622,Crocus,Boiss.,,Boiss. et Bl. ,species
622,Crocus,(Maw),,(Maw) O. Schwarz ,species
622,Crocus,(Boiss.,,(Boiss. et Bl.) Maw ,species
622,Crocus,Boiss.,,Boiss. et Reuter ,species
622,Crocus,Boiss.,,Boiss. et Reut. ,species
622,Crocus,Ky,,Ky ,species
622,Crocus,Boiss,,Boiss et Bl. ,species
622,Crocus,C.,,C. Koch ,species
622,Crocus,Moût.,,Moût. ,species
623,Crocus,FLORE,,FLORE ,species
623,Crocus,Jovet,,Jovet et Gomb. ,species
623,Crocus,Bornm.,,Bornm. et Dinsm. ,species
623,Crocus,Feinbr.,,Feinbr. ,species
623,Crocus,Feinbr.,,Feinbr. ,species
623,Crocus,L.,,L. ,species
623,Crocus,Boiss.,,Boiss. et Gaill. ,species
623,Crocus,Moût.,,Moût. ,species
623,Crocus,Wahlenb.,,Wahlenb. ,species
623,Crocus,Gay,,Gay ,species
623,Crypsis,,,,genus
623,Crypsis,(L.),,(L.) Aiton ,species
623,Crypsis,(L.),,(L.) Host ,species
623,Crypsis,Eig,,Eig ,species
623,Crypsis,"(Pill,",,"(Pill, et Mitterp.) Host-* ",species
623,Ctenopsis,,,,genus
623,Ctenopsis,(Boiss.),,(Boiss.) Meld. ,species
623,Ctenopsis,(Del.),,(Del.) De Notaris ,species
623,Cucubalus,,,,genus
623,Cucubalus,L.,,L. ,species
623,Cucubalus,L.,,L. ,species
623,Cucubalus,L.,,L. ,species
623,Cucubalus,Salisb.,,Salisb. ,species
623,Cucubalus,L.,,L. ,species
623,Cucubalus,Willd.,,Willd. ,species
623,Cucubalus,Gilib.,,Gilib. ,species
623,Cupressus,,,,genus
623,Cupressus,L.,,L. ,species
623,Çutandia,,,,genus
623,Çutandia,(Forsk.),,(Forsk.) Trabut ,species
623,Çutandia,(L.),,(L.) Benth. ,species
623,Çutandia,(Spreng.),,(Spreng.) Benth. ,species
623,Çutandia,(Boiss.),,(Boiss.) Benth. ,species
623,Cymbopogon,,,,genus
623,Cymbopogon,(Edgw.),,(Edgw.) Aitsch. ,species
623,Cymbopogon,(Boiss.),,(Boiss.) Bor ,species
623,Cymbopogon,(L.),,(L.) Spreng. ,species
623,Cymodocea,,,,genus
623,Cymodocea,Kœnig,,Kœnig ,species
623,Cymodocea,(Cavol.),,(Cavol.) Grande ,species
623,Cymodocea,(Ucria),,(Ucria) Asch. ,species
623,Cynocrambe,prostrata,,prostrata Gaertn. ,species
623,Cynodon,,,,genus
623,Cynodon,(L.),,(L.) Pers. ,species
623,Cynomorium,,,,genus
623,Cynomorium,L.,,L. ,species
623,Cynosurus,,,,genus
623,Cynosurus,L.,,L. ,species
623,Cynosurus,L.,,L. ,species
623,Cynosurus,Barb.,,Barb. ,species
623,Cynosurus,Lehm.,,Lehm. ,species
623,Cynosurus,L.,,L. ,species
623,Cynosurus,L.,,L. ,species
623,Cynosurus,Link,,Link ,species
623,Cynosurus,Desf.,,Desf. ,species
623,Cyperus,,,,genus
623,Cyperus,Rottb.,,Rottb. ,species
623,Cyperus,L.,,L. ,species
623,Cyperus,Desv.,,Desv. ,species
623,Cyperus,Vandelli,,Vandelli ,species
623,Cyperus,L.,,L. ,species
623,Cyperus,Ail.,,Ail. ,species
623,Cyperus,L.,,L. ,species
623,Cyperus,L.,,L. ,species
623,•˛»»,fuscus,,fuscus L. ,species
623,•˛»»,L.,,L. ,species
623,•˛»»,Ail.,,Ail. ,species
623,•˛»»,Cav.,,Cav. ,species
623,•˛»»,(Forsk.),,(Forsk.) Murb. ,species
623,•˛»»,L.,,L. ,species
623,.*»,longus,,longus L. ,species
623,.*»,(L.),,(L.) Link ,species
623,.*»,(L.),,(L.) Mab/ ,species
623,.*»,(Nées),,(Nées) Kunth ,species
623,.*»,L.,,L. ,species
623,.*»,Rottb.,,Rottb. ,species
623,.*»,L.,,L. ,species
623,Cystopteris,,,,genus
623,Cystopteris,(L.),,(L.) Borb. ,species
623,Cystopteris,Bernh.,,Bernh. ,species
623,Cystopteris,Presl,,Presl ,species
623,Cytinus,,,,genus
623,Cytinus,L.,,L. ,species
623,Dactylis,,,,genus
623,Dactylis,L.,,L. ,species
623,Dactylis,Roth,,Roth ,species
623,Dactylis,L.,,L. ,species
623,Dactylis,Desf.,,Desf. ,species
623,Dactyloctenium,,,,genus
623,Dactyloctenium,Willd.,,Willd. ,species
623,Dactyloctenium,L.),,L.) Asch. et Schw. ,species
623,Dactylon,memphiticum,,memphiticum Spreng. ,species
623,Damasonium,,,,genus
623,Damasonium,Mill.,,Mill. ,species
623,Damasonium,Goss.,,Goss. ,species
623,Damasonium,Coss.,,Coss. ,species
623,Danaë,,,,genus
623,Danaë,(L.),,(L.) Mœnch ,species
623,Dianthus,,,,genus
623,Dianthus,Fenzl,,Fenzl ,species
623,Dianthus,Smith,,Smith ,species
623,Dianthus,Fisch.,,Fisch. et Mey. ,species
623,Dianthus,Boiss.,,Boiss. et Huet ,species
623,Dianthus,M.,,M. Bieb. ,species
623,Dianthus,Boiss.,,Boiss. ,species
623,Dianthus,Boiss.,,Boiss. ,species
623,Dianthus,Boiss.,,Boiss. ,species
623,Dianthus,Boiss.,,Boiss. ,species
623,Dianthus,Bl.,,Bl. ,species
623,Dianthus,Labili.,,Labili. ,species
623,Dianthus,Boiss.,,Boiss. et Held. ,species
624,Dianthus,FLORE,,FLORE ,species
624,Dianthus,Ser.,,Ser. ,species
624,Dianthus,Adams,,Adams ,species
624,Dianthus,Stapf,,Stapf ,species
624,Dianthus,Sibth.,,Sibth. et Smith ,species
624,Dianthus,Boiss.,,Boiss. et Bl. ,species
624,Dianthus,Boiss.,,Boiss. ,species
624,Dianthus,Boiss.,,Boiss. ,species
624,Dianthus,Banks,,Banks et Sol. ,species
624,Dianthus,L.,,L. ,species
624,Dianthus,Sibth.,,Sibth. et Smith ,species
624,Dianthus,Guss.,,Guss. ,species
624,Dichoglottis,linearifolia,,linearifolia Fisch et Mey. ,species
624,Digitaria,,,,genus
624,Digitaria,(L.),,(L.) Scop. ,species
624,Dracunculus,crassipes,,crassipes Boiss. ,species
624,Dryopteris,,,,genus
624,Dryopteris,(L.),,(L.) O. Kuntze ,species
624,Dryopteris,(Ros.),,(Ros.) A. Christ. ,species
624,Dryopteris,(Bory),,(Bory) Fomin ,species
624,Dryopteris,(Hoffm.),,(Hoffm.) Underw. ,species
624,Dryopteris,(Sw.),,(Sw.) O. Kuntze ,species
624,Dryopteris,(L.),,(L.) A. Gray ,species
624,Dryopteris,(Bell.),,(Bell.) H. Woynar ,species
624,Echinaria,,,,genus
624,Echinaria,(L.),,(L.) Desf. ,species
624,Echinochloa,,,,genus
624,Echinochloa,(L.),,(L.) Link ,species
624,Echinochloa,(L.),,(L.) Beauv. ,species
624,Echinochloa,(Sibth.,,(Sibth. et Smith) C. Koch ,species
624,Echinodorus,,,,genus
624,Echinodorus,(L.),,(L.) Engelm. ,species
624,EchinopsiloTi,,,,genus
624,EchinopsiloTi,(Pall.),,(Pall.) Moqu. ,species
624,EchinopsiloTi,L.),,L.) Moqu. ,species
624,Eleocharis,,,,genus
624,Elymus,,,,genus
624,Elymus,L.,,L. ,species
624,Elymus,Schreb.,,Schreb. ,species
624,Elymus,Schult.,,Schult. ,species
624,Elymus,Del.,,Del. ,species
624,Elymus,Banks,,Banks et Sol. ,species
624,Elytrigia,,,,genus
624,Elytrigia,(Boiss.),,(Boiss.) Nevski ,species
624,Elytrigia,(Host),,(Host) Nevski ,species
624,Elytrigia,(L.),,(L.) Nevski ,species
624,Elytrigia,(Hack.),,(Hack.) Nevski ,species
624,Elytrigia,L.),,L.) Beauv. ,species
624,Emex,,,,genus
624,Emex,(L.),,(L.) Campdera ,species
624,Eminium,,,,genus
624,Eminium,(Banks,,(Banks et Sol.) O. Ktze ,species
624,Eminium,(Blume),,(Blume) O. Kuntze ,species
624,Ephedra,,,,genus
624,Ephedra,Decne,,Decne ,species
624,Ephedra,C.,,C. A. Mey. ,species
624,Ephedra,C.,,C. A. Mey. ,species
624,Ephedra,Desf.,,Desf. ,species
624,Epipactis,,,,genus
624,Epipactis,Don.,,Don. ,species
624,Epipactis,(L.),,(L.) Crantz ,species
624,Epipactis,(L.),,(L.) Ail. ,species
624,Epipactis,Boiss.,,Boiss. et Heldr. ,species
624,Equisetum,,,,genus
624,Equisetum,Lam.,,Lam. ,species
624,Equisetum,L.,,L. ,species
624,Equisetum,Desf.,,Desf. ,species
624,Equisetum,Schleich,,Schleich ,species
624,Equisetum,Ehrh.,,Ehrh. ,species
624,Eragrostis,,,,genus
624,Eragrostis,(Ail.),,(Ail.) Vign.-Lut. ,species
624,Eragrostis,Link,,Link ,species
624,Eragrostis,Host,,Host ,species
624,Eragrostis,(L.),,(L.) Beauv. ,species
624,Eragrostis,Beauv.,,Beauv. ,species
624,Eragrostis,(Fisch.),,(Fisch.) Henr. ,species
624,Eremopoa,persica,,persica (Trin.) Roshev ,species
624,Eremopyron,,,,genus
624,Eremopyron,(Spreng.),,(Spreng.) Nevski ,species
624,Eremopyron,(C.,,(C. Koch) Nevski ,species
624,Eremurus,,,,genus
624,Eremurus,(Stev.),,(Stev.) Regel ,species
624,Eremurus,Boiss.,,Boiss. et Bal. ,species
624,Eremurus,M.,,M. Bieb. ,species
624,,"J.d,IlLIlU.",,"J.d,IlLIlU. ",species
624,,Griseb.,,Griseb. ,species
624,,(L.),,(L.) Beauv. ,species
624,,"(Host),",,"(Host), Bluff, et Fingerh. ",species
624,Erythrostictus,palaestinus,,palaestinus Boiss. ,species
624,Eupteris,,,,genus
624,Eurotia,ceratoides,,ceratoides (L.) C. A. Mey. ,species
624,Fagopyrum,convolvulus,,convolvulus L.) Gross. ,species
624,Fagus,orientalis,,orientalis Lipsky ,species
624,Festuca,,,,genus
624,Festuca,Schreb.,,Schreb. ,species
624,Festuca,L.,,L. ,species
624,Festuca,(Hack.),,(Hack.) Markgr. ,species
624,Festuca,Pers.,,Pers. ,species
624,Festuca,Forsk.,,Forsk. ,species
624,Festuca,Boiss.,,Boiss. et Bal. ,species
624,Festuca,elatior'L.,,,species
624,Festuca,Lag.,,Lag. ,species
624,Festuca,Boiss.,,Boiss. ,species
624,Festuca,Del.,,Del. ,species
624,Festuca,(Hack.),,(Hack.) Nym. ,species
624,Festuca,L.,,L. ,species
624,Festuca,L.,,L. ,species
625,Festuca,FLORE,,FLORE ,species
625,Festuca,L.,,L. ,species
625,Festuca,Vill.,,Vill. ,species
625,Festuca,(Hack.),,(Hack.) Bornm. ,species
625,Festuca,Huds.,,Huds. ,species
625,Festuca,L.,,L. ,species
625,Festuca,Roth,,Roth ,species
625,Festuca,Huds.,,Huds. ,species
625,Festuca,Schrad.,,Schrad. ,species
625,Festuca,Solander,,Solander ,species
625,Festuca,Schleich.,,Schleich. ,species
625,Ficus,,,,genus
625,Ficus,L.,,L. ,species
625,Ficus,L.,,L. ,species
625,Fimbristylis,,,,genus
625,Fimbristylis,(Forsk.),,(Forsk.) Bub. ,species
625,Fimbristylis,auct.,,auct. ,species
625,Fimbristylis,(L.),,(L.) Vahl ,species
625,Fritillaria,,,,genus
625,Fritillaria,Boiss.,,Boiss. ,species
625,Fritillaria,alfredae,,,species
625,Fritillaria,Boiss.,,Boiss. et Huet ,species
625,Fritillaria,Boiss.,,Boiss. ,species
625,Fritillaria,Fenzl,,Fenzl ,species
625,Fritillaria,(Boiss.),,(Boiss.) Baker ,species
625,Fritillaria,Baker,,Baker ,species
625,Fritillaria,L.,,L. ,species
625,Fritillaria,Boiss.,,Boiss. ,species
625,Fritillaria,Sam.,,Sam. ,species
625,Fuirena,,,,genus
625,Fuirena,(Poir.),,(Poir.) Kunth ,species
625,Gagea,,,,genus
625,Gagea,G.,,G. Koch ,species
625,Gagea,(Pers.),,(Pers.) Dumort. ,species
625,Gagea,Zausch.,,Zausch. ,species
625,Gagea,Pascher,,Pascher ,species
625,Gagea,M.,,M. Bieb. ,species
625,Gagea,(L.,,(L. f.) Pascher ,species
625,Gagea,C.,,C. Koch ,species
625,Gagea,Boiss.,,Boiss. ,species
625,Gagea,Chodat,,Chodat et Bobs. ,species
625,Gagea,Terracciano,,Terracciano ,species
625,Gagea,(Desf.),,(Desf.) Schult. ,species
625,Gagea,(Ram.),,(Ram.) Ker-Gawl. ,species
625,Gagea,Presl,,Presl ,species
625,Gagea,(Zucc.),,(Zucc.) Vved. ,species
625,Gagea,(Sternb.),,(Sternb.) Schult. f. ,species
625,Gagea,(Boiss.),,(Boiss.) Pascher ,species
625,Gagea,(L.),,(L.) Ker-Gawler ,species
625,Gagea,(Presl),,(Presl) Pascher ,species
625,Gagea,Boiss.,,Boiss. ,species
625,Gagea,Moût.,,Moût. ,species
625,Gagea,(Pali.),,(Pali.) Schult. ,species
625,Gagea,Boiss.,,Boiss. et Sprun. ,species
625,Galanthus,,,,genus
625,Galanthus,Baker,,Baker ,species
625,Gastridium,,,,genus
625,Gastridium,(L.),,(L.) Gaud. ,species
625,Gastridium,Presl,,Presl ,species
625,Gastridium,(Gouan),,(Gouan) Schinz ,species
625,Gaudinia,,,,genus
625,Gaudinia,(L.),,(L.) Beauv. ,species
625,Gaudinopsis,,,,genus
625,Gaudinopsis,(Stev.),,(Stev.) Eig ,species
625,Girgensohnia,,,,genus
625,Girgensohnia,Pali.,,Pali. ,species
625,Githago,segetum,,segetum Desf. ,species
625,Gladiolus,,,,genus
625,Gladiolus,Boiss.,,Boiss. ,species
625,Gladiolus,Boiss.,,Boiss. ,species
625,Gladiolus,Boiss.,,Boiss. ,species
625,Gladiolus,L.,,L. ,species
625,Gladiolus,Koch,,Koch ,species
625,Gladiolus,L.,,L. ,species
625,Gladiolus,Ker-Gawler,,Ker-Gawler ,species
625,Glinus,,,,genus
625,Glinus,Burm.,,Burm. fil. ,species
625,Glinus,L.,,L. ,species
625,Glyceria,,,,genus
625,Glyceria,(L.),,(L.) Wahlgr. ,species
625,Glyceria,L.,,L. ,species
625,Glyceria,Fries,,Fries ,species
625,Glyceria,(Curt.),,(Curt.) Smith ,species
625,Glyceria,(Whit.),,(Whit.) E. Marsh. ,species
625,Gomphrena,,,,genus
625,Gomphrena,L.,,L. ,species
625,Gomphrena,L.,,L. ,species
625,Gymnadenia,,,,genus
625,Gymnadenia,(L.),,(L.) R. Br. ,species
625,Gymnogramma,,,,genus
625,Gymnogramma,(L.),,(L.) Desv. ,species
625,Gynandriris,,,,genus
625,Gynandriris,(L.),,(L.) Pari. ,species
625,Gypsophila,,,,genus
625,Gypsophila,Boiss.,,Boiss. ,species
625,Gypsophila,Post,,Post et Beauv. ,species
625,Gypsophila,Post,,Post ,species
625,Gypsophila,Barkoudah,,Barkoudah ,species
625,Gypsophila,(Ky),,(Ky) Williams ,species
625,Gypsophila,Boiss.,,Boiss. ,species
625,Gypsophila,(Forsk.),,(Forsk.) Christ. ,species
625,Gypsophila,(Boiss.),,(Boiss.) Williams ,species
625,Gypsophila,Boiss.,,Boiss. ,species
625,Gypsophila,M.,,M. Bieb ,species
625,Gypsophila,(Boiss.),,(Boiss.) Bornm. ,species
625,Gypsophila,Boiss.,,Boiss. ,species
625,Gypsophila,(Fenzl),,(Fenzl) Blakel. ,species
625,Gypsophila,Boiss.,,Boiss. ,species
625,Gypsophila,Freyn,,Freyn et Sin t. ,species
625,Gypsophila,Labili.,,Labili. ,species
625,Gypsophila,Thell.,,Thell. ,species
626,Gypsophila,FLORE,,FLORE ,species
626,Gypsophila,Post,,Post ,species
626,Gypsophila,Boiss.,,Boiss. ,species
626,Gypsophila,Fisch.,,Fisch. et Mey.) Boiss. ,species
626,Gypsophila,(Boiss.),,(Boiss.) Bornm. ,species
626,Gypsophila,Stapf,,Stapf ,species
626,Gypsophila,L.,,L. ,species
626,Gypsophila,pilosaHuds.,,,species
626,Gypsophila,(Willd.),,(Willd.) Halacsy ,species
626,Gypsophila,(L.),,(L.) Boiss. ,species
626,Gypsophila,Del.,,Del. ,species
626,Gypsophila,Boiss.,,Boiss. ,species
626,Gypsophila,Boiss.,,Boiss. ,species
626,Gypsophila,Wend.,,Wend. ,species
626,Gypsophila,Fenzl,,Fenzl ,species
626,Gypsophila,Murr.,,Murr. ,species
626,Habrosia,,,,genus
626,Habrosia,(Ser.),,(Ser.) Fenzl ,species
626,Halimione,,,,genus
626,Halimione,(L.),,(L.) Aellen ,species
626,Halimocnemis,,,,genus
626,Halimocnemis,C.,,C. A. Mey. ,species
626,Halimocnemis,Moqu.,,Moqu. ,species
626,Halocharis,,,,genus
626,Halocharis,(C.,,(C. A. Mey.) Moqu. ,species
626,Halocharis,Moqu.,,Moqu. ,species
626,Halocharis,Eig,,Eig ,species
626,Halocnemum,,,,genus
626,Halocnemum,(Pall.),,(Pall.) Bieb. ,species
626,Halogeton,,,,genus
626,Halogeton,(Del.),,(Del.) Moqu. ,species
626,Halopeplis,,,,genus
626,Halopeplis,(Vahl),,(Vahl) Ung.-Sternb. ,species
626,Haloxylon,,,,genus
626,Haloxylon,(Gav.),,(Gav.) Bunge ,species
626,Haloxylon,(Boiss.),,(Boiss.) Benth. et Hook. ,species
626,Haloxylon,(Moqu.),,(Moqu.) Bunge ,species
626,Haloxylon,Asch.,,Asch. ,species
626,Heleocharis,,,,genus
626,Heleocharis,Bockel,,Bockel ,species
626,Heleocharis,(L.),,(L.) R. Br. ,species
626,Heleochloa,,,,genus
626,Heleochloa,Boiss.,,Boiss. ,species
626,Heleochloa,Hochstt.,,Hochstt. ,species
626,Heleochloa,"(Pill,",,"(Pill, et Mitterp.) Host ",species
626,Heleochloa,(Boiss.),,(Boiss.) Dinsm. ,species
626,Heleochloa,(L.),,(L.) Host ,species
626,Helicophyllum,,,,genus
626,Helicophyllum,(Boiss.),,(Boiss.) Schott ,species
626,Helicophyllum,(Blume),,(Blume) Schott ,species
626,Helictotrichon,convolutum,,convolutum (Presl) Henr. ,species
626,Hemarthria,,,,genus
626,Hemarthria,(Poir.),,(Poir.) Stapf et Hubb. ,species
626,Hemarthria,(Lam.),,(Lam.) Kunth ,species
626,Henrardia,,,,genus
626,Henrardia,(Boiss.),,(Boiss.) C. Hubb. ,species
626,Herniaria,,,,genus
626,Herniaria,Hand.-Mazz.,,Hand.-Mazz. ,species
626,Herniaria,Lam.,,Lam. et D.C. ,species
626,Herniaria,Williams,,Williams ,species
626,Herniaria,L.,,L. ,species
626,Herniaria,J.,,J. Gay ,species
626,Herniaria,L.,,L. ,species
626,Herniaria,Lam.,,Lam. ,species
626,Herniaria,Sibth.,,Sibth. et Smith ,species
626,Herniaria,Presl,,Presl ,species
626,Heteranthelium,,,,genus
626,Heteranthelium,(Banks,,(Banks et Sol.) Hochstt. ,species
626,Heteropogon,,,,genus
626,Heteropogon,(Lam.,,(Lam. et D.C.) Rœm. et Sch. ,species
626,Heteropogon,(L.),,(L.) Rœm. et Schult. ,species
626,Himantoglossum,,,,genus
626,Himantoglossum,(Boiss.),,(Boiss.) Schlecht. ,species
626,Himantoglossum,Schlecht.,,Schlecht. ,species
626,Himantoglossum,(M.,,(M. Bieb.) Spreng. ,species
626,Holcus,,,,genus
626,Holcus,Salzm.,,Salzm. ,species
626,Holcus,L.,,L. ,species
626,Holcus,L.,,L. ,species
626,Holcus,Boiss.,,Boiss. ,species
626,Holcus,Trin.,,Trin. ,species
626,Holoschœnus,,,,genus
626,Holoschœnus,Link,,Link ,species
626,Holosteum,,,,genus
626,Holosteum,Stev.,,Stev. ,species
626,Holosteum,L.,,L. ,species
626,Hordeum,,,,genus
626,Hordeum,L.,,L. ,species
626,Hordeum,Pari.,,Pari. ,species
626,Hordeum,Roth.,,Roth. ,species
626,Hordeum,Boiss.,,Boiss. ,species
626,Hordeum,Link,,Link ,species
626,Hordeum,With.,,With. ,species
626,Hordeum,L.,,L. ,species
626,Hordeum,L.,,L. ,species
626,Hordeum,Huds.,,Huds. ,species
626,Hordeum,Schreb.,,Schreb. ,species
626,Hordeum,C.,,C. Koch ,species
626,Humulus,,,,genus
626,Humulus,L.,,L. ,species
626,Hyacinthella,,,,genus
626,Hyacinthella,(Bertol.),,(Bertol.) Chouard ,species
626,Hyacinthus,,,,genus
626,Hyacinthus,L.,,L. ,species
626,Hyacinthus,Bertol.,,Bertol. ,species
626,Hyacinthus,L.,,L. ,species
626,Hyacinthus,L.,,L. ,species
626,Hydrocharis,,,,genus
626,Hydrocharis,L.,,L. ,species
626,Hyparrhenia,,,,genus
626,Hyparrhenia,(L.),,(L.) Stapf ,species
626,Hypocylix,,,,genus
626,Hypocylix,Wol.,,Wol. ,species
627,Hypocylix,FLORE,,FLORE ,species
627,Hypocylix,Iljin,,Iljin ,species
627,Hypoxis,fascicularis,,fascicularis L. ,species
627,Illecebrum,,,,genus
627,Illecebrum,L.,,L. ,species
627,Illecebrum,L.,,L. ,species
627,Imperata,,,,genus
627,Imperata,Cyr.,,Cyr. ,species
627,Imperata,(L.),,(L.) Beauv. ,species
627,Ionorchis,abortiva,,abortiva (L.) Beck ,species
627,Iris,,,,genus
627,Iris,Lange,,Lange ,species
627,Iris,Dinsm.,,Dinsm. ,species
627,Iris,Baker,,Baker ,species
627,Iris,Baker,,Baker ,species
627,Iris,Dinsm.,,Dinsm. ,species
627,Iris,Fost.,,Fost. et Bak. ,species
627,Iris,Dinsm.,,Dinsm. ,species
627,Iris,Regel,,Regel ,species
627,Iris,Moût.,,Moût. ,species
627,Iris,L.,,L. ,species
627,Iris,(Gomb.),,(Gomb.) Moût. ,species
627,Iris,Dinsm.,,Dinsm. ,species
627,Iris,Hoffm.,,Hoffm. ,species
627,Iris,Dinsm.,,Dinsm. ,species
627,Iris,Janka,,Janka ,species
627,Iris,Moût.,,Moût. ,species
627,Iris,Boiss.,,Boiss. et Hausskn. ,species
627,Iris,Baker,,Baker ,species
627,Iris,Dinsm.,,Dinsm. ,species
627,Iris,Barb.,,Barb. ,species
627,Iris,Dinsm.,,Dinsm. ,species
627,Iris,Boiss.,,Boiss. et Reut. ,species
627,Iris,Reichenb.,,Reichenb. ,species
627,Iris,Dinsm.,,Dinsm. ,species
627,Iris,Dinsm.,,Dinsm. ,species
627,Iris,W.,,W. Barb. ,species
627,Iris,Bornm.,,Bornm. ,species
627,Iris,Dykes,,Dykes ,species
627,Iris,(Foster),,(Foster) Dinsm. ,species
627,Iris,Moût.,,Moût. ,species
627,Iris,L.,,L. ,species
627,Iris,Baker,,Baker ,species
627,Iris,Lam.,,Lam. ,species
627,Iris,L.,,L. ,species
627,Iris,Moût.,,Moût. ,species
627,Iris,L.,,L. ,species
627,Iris,Schott,,Schott ,species
627,Iris,Lynch.,,Lynch. ,species
627,Iris,Boiss.,,Boiss. et Hausskn. ,species
627,Iris,L.,,L. ,species
627,Iris,Fost,,Fost ,species
627,Iris,L.,,L. ,species
627,Iris,Poiret,,Poiret ,species
627,Iris,Fost.,,Fost. ,species
627,Iris,Dinsm.,,Dinsm. ,species
627,Iris,Dinsm.,,Dinsm. ,species
627,Ischarum,,,,genus
627,Ischarum,J.,,J. D. Hooker ,species
627,Ischarum,Schott,,Schott ,species
627,Isoetes,,,,genus
627,Isoetes,Dur.,,Dur. ,species
627,Isoetes,A.,,A. Br. ,species
627,Ixiolirion,,,,genus
627,Ixiolirion,(Labili.),,(Labili.) Herb. ,species
627,Ixiolirion,(Fisch.,,(Fisch. et Mey. ,species
627,Ixiolirion,(Pall.),,(Pall.) Herb. ,species
627,Juglans,,,,genus
627,Juglans,L.,,L. ,species
627,Juncus,,,,genus
627,Juncus,L.,,L. ,species
627,Juncus,L.,,L. ,species
627,Juncus,L.,,L. ,species
627,Juncus,Weigel,,Weigel ,species
627,Juncus,Jacqu.,,Jacqu. ,species
627,Juncus,L.,,L. ,species
627,Juncus,Gay,,Gay ,species
627,Juncus,Smith,,Smith ,species
627,Juncus,Loisel.,,Loisel. ,species
627,Juncus,L.,,L. ,species
627,Juncus,L.,,L. ,species
627,Juncus,Ehrh.,,Ehrh. ,species
627,Juncus,Thiéb.,,Thiéb. ,species
627,Juncus,Lam.,,Lam. ,species
627,Juncus,L.f.,,L.f. ,species
627,Juncus,Rich.,,Rich. ,species
627,Juncus,Laharpe,,Laharpe ,species
627,Juncus,Ness,,Ness ,species
627,Juncus,Forsk.,,Forsk. ,species
627,Juncus,Ehrh.,,Ehrh. ,species
627,Juniperus,,,,genus
627,Juniperus,Lab.,,Lab. ,species
627,Juniperus,M.,,M. Bieb. ,species
627,Juniperus,Willd.,,Willd. ,species
627,Juniperus,Sibth.,,Sibth. et Smith ,species
627,Juniperus,L.,,L. ,species
627,Juniperus,Link,,Link ,species
627,Kochia,,,,genus
627,Kochia,Schrad.,,Schrad. ,species
627,Kochia,(Pall.),,(Pall.) Roth ,species
627,Kochia,Fresen.,,Fresen. ,species
627,Kochia,Boiss.,,Boiss. ,species
627,Kochia,(L.),,(L.) Schrad. ,species
628,Kochia,FLORE,,FLORE ,species
628,Kochia,(L.),,(L.) Schrad. ,species
628,Kœleria,,,,genus
628,Kœleria,Velen.,,Velen. ,species
628,Kœleria,Pers.,,Pers. ,species
628,Kohlrauschia,,,,genus
628,Kohlrauschia,(Guss.),,(Guss.) Reichb. ,species
628,Krascheninnikovia,,,,genus
628,Krascheninnikovia,L.),,L.) Gueld. ,species
628,Lagurus,,,,genus
628,Lagurus,L.,,L. ,species
628,Lagurus,L.,,L. ,species
628,Lamarckia,,,,genus
628,Lamarckia,(L.),,(L.) Mœnch ,species
628,Leersia,,,,genus
628,Leersia,Sw.,,Sw. ,species
628,Lemna,,,,genus
628,Lemna,L.,,L. ,species
628,Lemna,L.,,L. ,species
628,Lemna,Hegelm.,,Hegelm. ,species
628,Lemna,L.,,L. ,species
628,Lemna,L.,,L. ,species
628,Lepturus,,,,genus
628,Lepturus,(Will.),,(Will.) Trin. ,species
628,Lepturus,(Roth),,(Roth) Trin. ,species
628,Lepturus,(L.),,(L.) Trin. ,species
628,Lepturus,Boiss.,,Boiss. ,species
628,Lilium,,,,genus
628,Lilium,L.,,L. ,species
628,Limodorum,,,,genus
628,Limodorum,(L.),,(L.) Sw. ,species
628,Lloydia,,,,genus
628,Lloydia,Boiss.,,Boiss. et Ky ,species
628,Lolium,,,,genus
628,Lolium,Whit.,,Whit. ,species
628,Lolium,Pari.,,Pari. ,species
628,Lolium,(Bory,,(Bory et Chaub.) Hand ,species
628,Lolium,Lam.,,Lam. ,species
628,Lolium,L.,,L. ,species
628,Lolium,Boiss.,,Boiss. et Hoh. ,species
628,Lolium,Gaud.,,Gaud. ,species
628,Lolium,Reichb.,,Reichb. ,species
628,Lolium,Stev.,,Stev. ,species
628,Lolium,Vis.,,Vis. ,species
628,Lolium,L.,,L. ,species
628,Lophochloa,phleoides,,phleoides (Vill.) Reichenb. ,species
628,Loranthus,,,,genus
628,Loranthus,L.,,L. ,species
628,Loroglossum,hircinum,,hircinum (L.) C. Rich. ,species
628,Luzula,,,,genus
628,Luzula,(Sm.),,(Sm.) D.C. ,species
628,Lychnis,,,,genus
628,Lychnis,Mill.,,Mill. ,species
628,Lychnis,(L.),,(L.) Dur. ,species
628,Lychnis,Ait.,,Ait. ,species
628,Lycochloa,,,,genus
628,Lycochloa,Sam.,,Sam. ,species
628,Lycopodium,,,,genus
628,Lycopodium,L.,,L. ,species
628,Lycopodium,L.,,L. ,species
628,Madura,,,,genus
628,Madura,Nutt,,Nutt ,species
628,Madura,(Raf.),,(Raf.) Robinson ,species
628,Manisurus,,,,genus
628,Manisurus,(Poir.),,(Poir.) Hitchc. ,species
628,Marsilea,,,,genus
628,Marsilea,L.,,L. ,species
628,Melandrium,,,,genus
628,Melandrium,(Mill.),,(Mill.) Garcke ,species
628,Melandrium,Boiss.,,Boiss. ,species
628,Melandrium,Rœhl.,,Rœhl. ,species
628,Melica,,,,genus
628,Melica,Boiss.,,Boiss. et Bl. ,species
628,Melica,L.,,L. ,species
628,Melica,Boiss.,,Boiss. et Heldr. ,species
628,Melica,Guss.,,Guss. ,species
628,Melica,Boiss.,,Boiss. ,species
628,Melica,L.,,L. ,species
628,Melica,Boiss.,,Boiss. ,species
628,Melica,Vill.,,Vill. ,species
628,Melica,Retz,,Retz ,species
628,Merendera,,,,genus
628,Merendera,C.,,C. A. Mey. ,species
628,Mesembryanthemum,,,,genus
628,Mesembryanthemum,L.,,L. ,species
628,Mesembryanthemum,Hochstt.,,Hochstt. ,species
628,Mesembryanthemum,L.,,L. ,species
628,Microcnemum,,,,genus
628,Microcnemum,(Loscos,,(Loscos et Pardo) ,species
628,Microcnemum,Ung.-Sternb.,,Ung.-Sternb. ,species
628,Milium,,,,genus
628,Milium,Desf.,,Desf. ,species
628,Milium,L.,,L. ,species
628,Milium,Pari.,,Pari. ,species
628,Milium,(Bornm.),,(Bornm.) Roshev ,species
628,Milium,Boiss.,,Boiss. ,species
628,Milium,M.,,M. Bieb. ,species
628,Minuartia,,,,genus
628,Minuartia,(Fenzl),,(Fenzl) Bornm. ,species
628,Minuartia,(Fenzl),,(Fenzl) Mattf. ,species
628,Minuartia,(Labili.),,(Labili.) Maire et ,species
628,Minuartia,(Hausskn.),,(Hausskn.) Mattf. ,species
628,Minuartia,(Vill.),,(Vill.) Schiskine ,species
629,Minuartia,FLORE,,FLORE ,species
629,Minuartia,Me,,Me Neill ,species
629,Minuartia,(Boiss.),,(Boiss.) Hand.-Mazz. ,species
629,Minuartia,(L.),,(L.) Maire et Petitm. ,species
629,Minuartia,Briquet,,Briquet ,species
629,Minuartia,(Boiss.),,(Boiss.) Bornm. ,species
629,Minuartia,(Ledeb.),,(Ledeb.) K. Maly ,species
629,Minuartia,(Boiss.),,(Boiss.) Hand.-Mazz. ,species
629,Minuartia,(Boiss.),,(Boiss.) Bornm. ,species
629,Minuartia,Loefl.,,Loefl. ,species
629,Minuartia,(Sibth.,,(Sibth. et Smith) Sch. et Th. ,species
629,Minuartia,"Moût,",,"Moût, et Sam. ",species
629,Minuartia,(Sibth.,,(Sibth. et Smith) Schinz et Thell. ,species
629,Minuartia,(Fenzl),,(Fenzl) Hand.-Mazz. ,species
629,Minuartia,(L.),,(L.) Hiern. ,species
629,Minuartia,(Sibth.,,(Sibth. et Smith) Bornm. ,species
629,Minuartia,(Schreb.),,(Schreb.) Schinz et Th. ,species
629,Mœnchia,,,,genus
629,Mœnchia,(Ziz),,(Ziz) J. Gay ,species
629,Molinia,,,,genus
629,Molinia,(L.),,(L.) Mœnch ,species
629,Monerma,,,,genus
629,Monerma,(Willd.),,(Willd.) Coss. et Dur. ,species
629,Monocaryum,,,,genus
629,Monocaryum,Rœm.,,Rœm. et Seul t. ,species
629,Montia,,,,genus
629,Montia,L.,,L. ,species
629,Montia,auct.,,auct. ,species
629,Morocarpus,,,,genus
629,Moms,,,,genus
629,Moms,L.,,L. ,species
629,Moms,L.,,L. ,species
629,Muscari,,,,genus
629,Muscari,Post,,Post ,species
629,Muscari,(L.),,(L.) Mill. ,species
629,Muscari,Guss.,,Guss. ,species
629,Muscari,Rech.,,Rech. ,species
629,Muscari,Rech.,,Rech. ,species
629,Muscari,Rech.,,Rech. ,species
629,Muscari,Boiss.,,Boiss. ,species
629,Muscari,Desf.,,Desf. ,species
629,Muscari,Guss.,,Guss. ,species
629,Muscari,Desf.,,Desf. ,species
629,Muscari,Boiss.,,Boiss. ,species
629,Muscari,Heldr.,,Heldr. et Sart. ,species
629,Muscari,(L.)-,,(L.)- Mill. ,species
629,Muscari,Rech.,,Rech. ,species
629,Naias,,,,genus
629,Naias,Lindb.,,Lindb. ,species
629,Naias,Rouy,,Rouy ,species
629,Naias,Del.,,Del. ,species
629,Naias,L.,,L. ,species
629,Naias,L.,,L. ,species
629,Naias,Del.,,Del. ,species
629,Narcissus,,,,genus
629,Narcissus,L.,,L. ,species
629,Narcissus,Boiss.,,Boiss. et Gaill. ,species
629,Narcissus,L.,,L. ,species
629,Nardurus,,,,genus
629,Nardurus,(L.),,(L.) Janch. ,species
629,Nardurus,Boiss.,,Boiss. ,species
629,Nardurus,(Schrad.),,(Schrad.) Boiss. ,species
629,Nardus,,,,genus
629,Nardus,L.,,L. ,species
629,Nardus,Gouan,,Gouan ,species
629,Neotinea,,,,genus
629,Neotinea,(Link),,(Link) Reichenb. ,species
629,Nephrodium,,,,genus
629,Nephrodium,(Hoffm.),,(Hoffm.) Desv. ,species
629,Noaea,,,,genus
629,Noaea,(Forsk.),,(Forsk.) Asch. et Schw. ,species
629,Noaea,(L.,,(L. fil.) Moqu. ,species
629,Nothochlaena,,,,genus
629,Notholaena,,,,genus
629,Notholaena,(Desf.),,(Desf.) Desv. ,species
629,Notholaena,(L.),,(L.) R. Br. ,species
629,Notholaena,(Ait.),,(Ait.) R. Br. ,species
629,Obione,,,,genus
629,Obione,(L.),,(L.) Moqu. ,species
629,Ophioglossum,,,,genus
629,Ophioglossum,L.,,L. ,species
629,Ophioglossum,L.,,L. ,species
629,Ophrys,,,,genus
629,Ophrys,A.,,A. Camus et R. Gombault ,species
629,Ophrys,Huds.,,Huds. ,species
629,Ophrys,Lam.,,Lam. ,species
629,Ophrys,Fleischm.,,Fleischm. ,species
629,Ophrys,(Boiss.,,(Boiss. et Orph.) Soô ,species
629,Ophrys,Link,,Link ,species
629,Ophrys,M.,,M. Schulze ,species
629,Ophrys,Fleischm.,,Fleischm. et Bornm. ,species
629,Ophrys,Schlecht.,,Schlecht. ,species
629,Ophrys,Stev.,,Stev. ,species
629,Ophrys,Schlecht.,,Schlecht. ,species
629,Ophrys,(Crantz),,(Crantz) Haller ,species
629,Ophrys,Link,,Link ,species
629,Ophrys,Fleischm.,,Fleischm. et Bornm. ,species
629,Ophrys,Desf.,,Desf. ,species
629,Ophrys,(Gouan),,(Gouan) Cav. ,species
629,Ophrys,M.,,M. Bieb. ,species
629,Ophrys,Desf.,,Desf. ,species
629,Ophrys,Fleischm.,,Fleischm. et Bornm. ,species
629,Ophrys,Cav.,,Cav. ,species
629,Ophrys,Fleischm.,,Fleischm. et Bornm. ,species
629,Ophrys,Link,,Link ,species
630,Ophrys,FLORE,,FLORE ,species
630,Ophrys,Nym.,,Nym. ,species
630,Ophrys,Willd.,,Willd. ,species
630,Oporanthus,fischerianus,,fischerianus Herb. ,species
630,Orchis,,,,genus
630,Orchis,L.,,L. ,species
630,Orchis,Boiss.,,Boiss. ,species
630,Orchis,M.,,M. Bieb. ,species
630,Orchis,Balb.,,Balb. ,species
630,Orchis,M.,,M. Bieb. ,species
630,Orchis,Custer,,Custer ,species
630,Orchis,Schlecht.,,Schlecht. ,species
630,Orchis,Banks,,Banks et Sol. ,species
630,Orchis,Tod.,,Tod. ,species
630,Orchis,Stev.,,Stev. ,species
630,Orchis,L.,,L. ,species
630,Orchis,Crantz,,Crantz ,species
630,Orchis,(Bornm.,,(Bornm. et M. Sch.) ,species
630,Orchis,L.,,L. ,species
630,Orchis,(Boiss.),,(Boiss.) Soo ,species
630,Orchis,M.,,M. Bieb. ,species
630,Orchis,L.,,L. ,species
630,Orchis,Link,,Link ,species
630,Orchis,Poir.,,Poir. ,species
630,Orchis,Poir.,,Poir. ,species
630,Orchis,Lam.,,Lam. ,species
630,Orchis,Link,,Link ,species
630,Orchis,Tineo,,Tineo ,species
630,Orchis,L.,,L. ,species
630,Orchis,L.,,L. ,species
630,Orchis,L.,,L. ,species
630,Orchis,L.,,L. ,species
630,Orchis,Desf.,,Desf. ,species
630,Orchis,Ten.,,Ten. ,species
630,Orchis,Stev.,,Stev. ,species
630,Orchis,L.,,L. ,species
630,Orchis,Seb.,,Seb. et Mauri ,species
630,Orchis,Ten.,,Ten. ,species
630,Orchis,Brongn.,,Brongn. ,species
630,Orchis,L.,,L. ,species
630,Orchis,Lam.,,Lam. ,species
630,Orchis,Link,,Link ,species
630,Orchis,Scop.,,Scop. ,species
630,Orchis,Burm.,,Burm. ,species
630,Ornithogalum,,,,genus
630,Ornithogalum,L.,,L. ,species
630,Ornithogalum,Pers.,,Pers. ,species
630,Ornithogalum,Moût.,,Moût. ,species
630,Ornithogalum,Zauschn.,,Zauschn. ,species
630,Ornithogalum,G.,,G. Koch ,species
630,Ornithogalum,M.,,M. Bieb. ,species
630,Ornithogalum,L.,,L. fil. ,species
630,Ornithogalum,Boiss.,,Boiss. et Bl. ,species
630,Ornithogalum,Boreau,,Boreau ,species
630,Ornithogalum,Feinbr.,,Feinbr. ,species
630,Ornithogalum,Willd.,,Willd. ,species
630,Ornithogalum,Boiss.,,Boiss. et Gaill. ,species
630,Ornithogalum,Labili.,,Labili. ,species
630,Ornithogalum,Boiss.,,Boiss. et Bl. ,species
630,Ornithogalum,L.,,L. ,species
630,Ornithogalum,Cyr.,,Cyr. ,species
630,Ornithogalum,L.,,L. ,species
630,Ornithogalum,Boiss.,,Boiss. et Bl. ,species
630,Ornithogalum,Godron,,Godron ,species
630,Ornithogalum,Presl,,Presl ,species
630,Ornithogalum,Boiss.,,Boiss. ,species
630,Ornithogalum,L.,,L. ,species
630,Ornithogalum,Pali.,,Pali. ,species
630,Ornithogalum,Guss.,,Guss. ,species
630,Ornithogalum,Hand.-Mazz.,,Hand.-Mazz. ,species
630,Ornithogalum,L.,,L. ,species
630,Oryza,,,,genus
630,Oryza,Doell.,,Doell. ,species
630,Oryza,L.,,L. ,species
630,Oryzopsis,,,,genus
630,Oryzopsis,(Desf.),,(Desf.) Richt. ,species
630,Oryzopsis,(M.,,(M. Bieb.) Reichb. ,species
630,Oryzopsis,(L.),,(L.) Asch. et Schw. ,species
630,Osmunda,,,,genus
630,Osmunda,L.,,L. ,species
630,Osmunda,L.,,L. ,species
630,Ostrya,,,,genus
630,Ostrya,Scop.,,Scop. ,species
630,Osyris,,,,genus
630,Osyris,albaL.,,,species
630,Oxyria,,,,genus
630,Oxyria,L.),,L.) Hill. ,species
630,Pancratium,,,,genus
630,Pancratium,L.,,L. ,species
630,Pancratium,Decne,,Decne ,species
630,Panderia,,,,genus
630,Panderia,Fisch.,,Fisch. et Mey. ,species
630,Panicum,,,,genus
630,Panicum,L.,,L. ,species
630,Panicum,L.,,L. ,species
630,Panicum,L.,,L. ,species
630,Panicum,Sibth.,,Sibth. et Smith ,species
630,Panicum,Forsk.,,Forsk. ,species
630,Panicum,L.,,L. ,species
630,Panicum,Weigel,,Weigel ,species
630,Panicum,L.,,L. ,species
630,Panicum,Forsk.,,Forsk. ,species
630,Panicum,Lam.,,Lam. ,species
630,Panicum,Lam.,,Lam. ,species
630,Panicum,L.,,L. ,species
630,Panicum,L.,,L. ,species
630,Panicum,Gmel.,,Gmel. ,species
630,Panicum,L.,,L. ,species
630,Panicum,L.,,L. ,species
631,Panicum,FLORE,,FLORE ,species
631,Pappophorum,pumilio,,pumilio Trin. ,species
631,Parapholis,,,,genus
631,Parapholis,(Dum.,,(Dum. -Cours.) C. Hubb. ,species
631,Parapholis,(D.C.),,(D.C.) C. Hubb. ,species
631,Parietaria,,,,genus
631,Parietaria,Del.,,Del. ,species
631,Parietaria,L.,,L. ,species
631,Parietaria,Mert.,,Mert. et Koch ,species
631,Parietaria,Mert.,,Mert. et Koch ,species
631,Parietaria,L.,,L. ,species
631,Parietaria,L.,,L. ,species
631,Parietaria,L.,,L. ,species
631,Parietaria,Mœnch,,Mœnch ,species
631,Paronychia,,,,genus
631,Paronychia,(L.),,(L.) D.C. ,species
631,Paronychia,Lam.,,Lam. ,species
631,Paronychia,Koch,,Koch ,species
631,Paronychia,Boiss.,,Boiss. ,species
631,Paronychia,Lam.,,Lam. ,species
631,Paronychia,Boiss.,,Boiss. ,species
631,Paronychia,Boiss.,,Boiss. ,species
631,Paspalidium,,,,genus
631,Paspalidium,(Forsk.),,(Forsk.) Stapf ,species
631,Paspatiun,,,,genus
631,Paspatiun,L.,,L. ,species
631,Penmsetum,,,,genus
631,Penmsetum,(Desf.),,(Desf.) Kunth ,species
631,Penmsetum,(L.),,(L.) Link ,species
631,Penmsetum,(CC.,,(CC. Gmel.) Henr. ,species
631,Penmsetum,(Forsk.),,(Forsk.) Chiov. ,species
631,Petrorhagia,velutina,,velutina (Guss.) P. W. Bail ,species
631,Petrosimonia,,,,genus
631,Petrosimonia,(Pall.),,(Pall.) Bunge ,species
631,Phacelurus,,,,genus
631,Phacelurus,(Sibth.,,(Sibth. et Smith) Griseb ,species
631,Phalaris,,,,genus
631,Phalaris,L.,,L. ,species
631,Phalaris,L.,,L. ,species
631,Phalaris,L.,,L. ,species
631,Phalaris,Desf.,,Desf. ,species
631,Phalaris,L.,,L. ,species
631,Phalaris,L.,,L. ,species
631,Phalaris,L.,,L. ,species
631,Phalaris,L.,,L. ,species
631,Phalaris,Forsk.,,Forsk. ,species
631,Phalaris,Forsk.,,Forsk. ,species
631,Phalaris,Savi,,Savi ,species
631,Phalaris,Host,,Host ,species
631,Phalaris,L.,,L. ,species
631,Phleum,,,,genus
631,Phleum,"Pill,",,"Pill, et Mitterp. ",species
631,Phleum,L.,,L. ,species
631,Phleum,L.,,L. ,species
631,Phleum,Wib.,,Wib. ,species
631,Phleum,Bornm.,,Bornm. ,species
631,Phleum,Griseb.,,Griseb. ,species
631,Phleum,Ail.,,Ail. ,species
631,Phleum,Boiss.,,Boiss. ,species
631,Phleum,C.,,C. Koch. ,species
631,Phleum,L.,,L. ,species
631,Phleum,L.,,L. ,species
631,Phleum,L.,,L. ,species
631,Phleum,(Savi),,(Savi) Asch. et Schw. ,species
631,Phleum,(Host.),,(Host.) Schrad. ,species
631,Phœnix,,,,genus
631,Phœnix,L.,,L. ,species
631,Pholiurus,,,,genus
631,Pholiurus,(L~.),,(L~.) Schinz et Thell. ,species
631,Pholiurus,(Boiss.),,(Boiss.) A. Camus ,species
631,Phragmites,,,,genus
631,Phragmites,Trin.,,Trin. ,species
631,Phucagrostis,major,,major Cavolini ,species
631,Phyllitis,,,,genus
631,Phyllitis,(Lagr.),,(Lagr.) O. Kuntze ,species
631,Phyllitis,(L.),,(L.) Newm. ,species
631,Phytolacca,,,,genus
631,Phytolacca,L.,,L. ,species
631,Phytolacca,L.,,L. ,species
631,Phytolacca,Fenzl,,Fenzl ,species
631,Pilgerochloa,,,,genus
631,Pilgerochloa,(Boiss.),,(Boiss.) Eig ,species
631,Pinus,,,,genus
631,Pinus,Ten.,,Ten. ,species
631,Pinus,L.,,L. ,species
631,Pinus,Mill.,,Mill. ,species
631,Pinus,L.,,L. ,species
631,Pinus,Stev.,,Stev. ,species
631,Piptatherum,,,,genus
631,Piptatherum,E.,,E. Desv. ,species
631,Piptatherum,(Desf.),,(Desf.) Beauv. ,species
631,Piptatherum,(M.,,(M. Bieb.) Rœm. et Sch ,species
631,Piptatherum,(L.),,(L.) Coss. ,species
631,Platan,thera,,thera ,species
631,Platan,(Custer),,(Custer) Reichb. ,species
631,Poa,,,,genus
631,Poa,L.,,L. ,species
631,Poa,Boiss.,,Boiss. et Heldr. ,species
631,Poa,L.,,L. ,species
631,Poa,Vill.,,Vill. ,species
631,Poa,Ail.,,Ail. ,species
631,Poa,L.,,L. ,species
631,Poa,Hornem.,,Hornem. ,species
631,Poa,L.,,L. ,species
631,Poa,Gouan,,Gouan ,species
631,Poa,(Boiss.,,(Boiss. et Bal.) Hack. ,species
631,Poa,(Pomm.),,(Pomm.) Murb. ,species
631,Poa,Post,,Post ,species
631,Poa,H.,,H. B. et K. ,species
631,Poa,Gouan,,Gouan ,species
631,Poa,Huds.,,Huds. ,species
631,Poa,L.,,L. ,species
632,Poa,FLORE,,FLORE ,species
632,Poa,Post,,Post ,species
632,Poa,Trin.,,Trin. ,species
632,Poa,L.,,L. ,species
632,Poa,L.,,L. ,species
632,Poa,Curtis,,Curtis ,species
632,Poa,Guss.,,Guss. ,species
632,Poa,Steud.,,Steud. ,species
632,Poa,M.,,M. Bieb. ,species
632,Poa,Haenke,,Haenke ,species
632,Poa,Fisch.,,Fisch. ,species
632,Poa,Heldr.,,Heldr. ,species
632,Poa,L.,,L. ,species
632,Pollinia,distachya,,distachya (L.) Spreng. ,species
632,Polycarpon,,,,genus
632,Polycarpon,(Biv.),,(Biv.) D.C ,species
632,Polycarpon,(Del.),,(Del.) J. Gay ,species
632,Polycarpon,L.,,L. ,species
632,Polycnemum,brachiatum,,brachiatum Pali. ,species
632,Polygonatum,polyanthemum,,polyanthemum (M. Bieb.) ,species
632,Polygonum,,,,genus
632,Polygonum,Boiss.,,Boiss. et Hausskn. ,species
632,Polygonum,C.,,C. A. Mey. ,species
632,Polygonum,L.,,L. ,species
632,Polygonum,Waldst.,,Waldst. et Kit. ,species
632,Polygonum,Steud.,,Steud. ,species
632,Polygonum,L.,,L. ,species
632,Polygonum,Reichb.,,Reichb. ,species
632,Polygonum,Boiss.,,Boiss. et Ky ,species
632,Polygonum,turn,,turn Meisn. ,species
632,Polygonum,L.,,L. ,species
632,Polygonum,Jaub.,,Jaub. et Spach ,species
632,Polygonum,Sibth.,,Sibth. et Smith ,species
632,Polygonum,R.,,R. Br. ,species
632,Polygonum,L.,,L. ,species
632,Polygonum,Sadl.,,Sadl. ,species
632,Polygonum,L.,,L. ,species
632,Polygonum,Boiss.,,Boiss. ,species
632,Polygonum,L.,,L. ,species
632,Polygonum,Pers.,,Pers. ,species
632,Polygonum,M.,,M. Bieb ,species
632,Polygonum,L.,,L. ,species
632,Polygonum,Del.,,Del. ,species
632,Polygonum,Jaub.,,Jaub. et Spach ,species
632,Polygonum,Brouss.,,Brouss. ,species
632,Polygonum,Poir.,,Poir. ,species
632,Polygonum,Lagr.,,Lagr. ,species
632,Polygonum,Jacqu.,,Jacqu. ,species
632,Polygonum,Glem.,,Glem. ,species
632,Polypodium,,,,genus
632,Polypodium,L.,,L. ,species
632,Polypodium,L.,,L. ,species
632,Polypodium,L.,,L. ,species
632,Polypodium,L.,,L. ,species
632,Polypodium,Huds.,,Huds. ,species
632,Polypodium,Reich.,,Reich. ,species
632,Polypodium,L.,,L. ,species
632,Polypogon,,,,genus
632,Polypogon,Willd.,,Willd. ,species
632,Polypogon,"(L,)",,"(L,) Desf. ",species
632,Polypogon,Willd.,,Willd. ,species
632,Polystichum,,,,genus
632,Polystichum,(L.),,(L.) Roth ,species
632,Populus,,,,genus
632,Populus,L.,,L. ,species
632,Populus,Lauche,,Lauche ,species
632,Populus,Smith,,Smith ,species
632,Populus,oug.,,oug. ,species
632,Populus,Oliv.,,Oliv. ,species
632,Populus,Dode,,Dode ,species
632,Populus,Duroi,,Duroi ,species
632,Populus,L.,,L. ,species
632,Populus,L.,,L. ,species
632,Portulaca,,,,genus
632,Portulaca,L.,,L. ,species
632,Potamogeton,,,,genus
632,Potamogeton,L.,,L. ,species
632,Potamogeton,L.,,L. ,species
632,Potamogeton,Roth,,Roth ,species
632,Potamogeton,L.,,L. ,species
632,Potamogeton,L.,,L. ,species
632,Potamogeton,Poir.,,Poir. ,species
632,Potamogeton,Biv.,,Biv. ,species
632,Potamogeton,L.,,L. ,species
632,Potamogeton,L.,,L. ,species
632,Potamogeton,Post,,Post ,species
632,Potamogeton,L.,,L. ,species
632,Potamogeton,"Cham,",,"Cham, et Schlecht. ",species
632,Psamma,,,,genus
632,Psamma,(L.),,(L.) Roem. et Sch. ,species
632,Psamma,Mabille,,Mabille ,species
632,Psilurus,,,,genus
632,Psilurus,(L.),,(L.) Duval-Jouve ,species
632,Psilurus,Schinz,,Schinz et Thell. ,species
632,Psilurus,Trin.,,Trin. ,species
632,Pteranthus,,,,genus
632,Pteranthus,Forsk.,,Forsk. ,species
632,Pteranthus,Desf.,,Desf. ,species
632,Pteridium,,,,genus
632,Pteridium,(L.),,(L.) Kuhn. ,species
632,Pteris,,,,genus
632,Pteris,L.,,L. ,species
632,Pteris,L.,,L. ,species
632,Pteris,L.,,L. ,species
632,Puccinellia,,,,genus
632,Puccinellia,(Hornem.),,(Hornem.) Fourr. ,species
632,Puccinellia,(L.),,(L.) Pari. ,species
632,Puccinellia,(Whit.),,"(Whit.) Fern, et Weath ",species
632,Puschkinia,,,,genus
632,Puschkinia,Zucc.,,Zucc. ,species
633,Puschkinia,FLORE,,FLORE ,species
633,Puschkinia,Adams,,Adams ,species
633,Pycreus,,,,genus
633,Pycreus,Nées,,Nées ,species
633,Quercus,,,,genus
633,Quercus,L.,,L. ,species
633,Quercus,Reut.,,Reut. ,species
633,Quercus,Lindley,,Lindley ,species
633,Quercus,Webb,,Webb ,species
633,Quercus,Ky,,Ky ,species
633,Quercus,L.,,L. ,species
633,Quercus,L.,,L. ,species
633,Quercus,Ky,,Ky ,species
633,Quercus,Lam.,,Lam. ,species
633,Quercus,Ky,,Ky ,species
633,Quercus,L.,,L. ,species
633,Quercus,Oliv.,,Oliv. ,species
633,Quercus,Decne,,Decne ,species
633,Quercus,Willd.,,Willd. ,species
633,Quercus,Oliv.,,Oliv. ,species
633,Quercus,Ky,,Ky ,species
633,Quercus,Lam.,,Lam. ,species
633,Quercus,Ky,,Ky ,species
633,Quercus,(Ky),,(Ky) Thiéb. ,species
633,Quercus,Ky,,Ky ,species
633,Quercus,Ky,,Ky ,species
633,Quercus,C.,,C. Koch ,species
633,Quercus,Boiss.,,Boiss. et Reut. ,species
633,Quercus,"Jaub,",,"Jaub, et Spach ",species
633,Quercus,(Matt.),,(Matt.) Lindl. ,species
633,Quercus,Ky,,Ky ,species
633,Quercus,C.,,C. C. Gmel. ,species
633,Quercus,Boiss.,,Boiss. ,species
633,Quercus,Ky,,Ky ,species
633,Quercus,Smith,,Smith ,species
633,Quercus,L.,,L. ,species
633,Quercus,Ky,,Ky ,species
633,Quercus,Ky,,Ky ,species
633,Quercus,Ky,,Ky ,species
633,Queria,hispanica,,hispanica L. ,species
633,Rheum,,,,genus
633,Rheum,Finbr.,,Finbr. ,species
633,Rheum,L.,,L. ,species
633,Rhizocephalus,,,,genus
633,Rhizocephalus,Boiss.,,Boiss. ,species
633,Rhynchospora,,,,genus
633,Rhynchospora,glaucaVahl,,,species
633,Robbairea,,,,genus
633,Robbairea,Milne-Redh.,,Milne-Redh. ,species
633,Robbairea,(Forsk.),,(Forsk.) Boiss. ,species
633,Rœgneria,,,,genus
633,Rœgneria,(Pari.),,(Pari.) Nevski ,species
633,Romulea,,,,genus
633,Romulea,Seb.,,Seb. et Mauri ,species
633,Romulea,Seb.,,Seb. et Mauri ,species
633,Romulea,(Boiss.,,(Boiss. et Ky) Klatt ,species
633,Romulea,Mout.,,Mout. ,species
633,Romulea,Ten.,,Ten. ,species
633,Rottbœlia,,,,genus
633,Rottbœlia,Poir.,,Poir. ,species
633,Rottbœlia,Willd.,,Willd. ,species
633,Rottbœlia,Sibth.,,Sibth. et Smith ,species
633,Rottbœlia,Lam.,,Lam. ,species
633,Rottbœlia,Roth,,Roth ,species
633,Rottbœlia,Bory,,Bory et Jaub. ,species
633,Rumex,,,,genus
633,Rumex,L.,,L. ,species
633,Rumex,Bal.,,Bal. ,species
633,Rumex,Campd.,,Campd. ,species
633,Rumex,Freyn,,Freyn et Sint. ,species
633,Rumex,L.,,L. ,species
633,Rumex,Boiss.,,Boiss. ,species
633,Rumex,Mill.,,Mill. ,species
633,Rumex,Murr.,,Murr. ,species
633,Rumex,L.,,L. ,species
633,Rumex,Murb.,,Murb. ,species
633,Rumex,L.,,L. ,species
633,Rumex,L.,,L. ,species
633,Rumex,L.,,L. ,species
633,Rumex,Balb.,,Balb. ,species
633,Rumex,Schrad.,,Schrad. ,species
633,Rumex,Spreng.,,Spreng. ,species
633,Rumex,L.,,L. ,species
633,Rumex,Sam.,,Sam. ,species
633,Rumex,Bernh.,,Bernh. ,species
633,Rumex,Smith,,Smith ,species
633,Rumex,L.,,L. ,species
633,Rumex,Forsk.,,Forsk. ,species
633,Rumex,L.,,L. ,species
633,Rumex,L.,,L. ,species
633,Rumex,Rech.,,Rech. fil. ,species
633,Rumex,L.,,L. ,species
633,Rumex,Meisn.,,Meisn. ,species
633,Rumex,L.,,L. ,species
633,Rumex,L.,,L. ,species
633,Ruppia,,,,genus
633,Ruppia,L.,,L. ,species
633,Ruppia,Koch,,Koch ,species
633,Ruscus,,,,genus
633,Ruscus,L.,,L. ,species
633,Ruscus,L.,,L. ,species
633,Saccharum,,,,genus
633,Saccharum,Willd.,,Willd. ,species
633,Saccharum,Forsk.,,Forsk. ,species
633,Saccharum,L.,,L. ,species
633,Saccharum,L.,,L. ,species
633,Saccharum,Roxb.,,Roxb. ,species
633,Saccharum,L.,,L. ,species
634,Saccharum,FLORE,,FLORE ,species
634,Sagina,,,,genus
634,Sagina,L.,,L. ,species
634,Sagina,Rech.,,Rech. fil. ,species
634,Sagina,G.,,G. Don. ,species
634,Sagina,Ziz,,Ziz ,species
634,Sagina,L.,,L. ,species
634,Salicornia,,,,genus
634,Salicornia,Vahl,,Vahl ,species
634,Salicornia,L.,,L. ,species
634,Salicornia,L.,,L. ,species
634,Salicornia,Del.,,Del. ,species
634,Salicornia,L.,,L. ,species
634,Salicornia,Pali.,,Pali. ,species
634,Salix,,,,genus
634,Salix,Boiss.,,Boiss. ,species
634,Salix,L.,,L. ,species
634,Salix,Andrz.,,Andrz. ,species
634,Salix,L.,,L. ,species
634,Salix,Enander,,Enander ,species
634,Salix,L.,,L. ,species
634,Salix,Bornm.,,Bornm. ,species
634,Salix,Boiss.,,Boiss. ,species
634,Salix,A.,,A. Gam. et R. Gomb. ,species
634,Salix,(Andrz.),,(Andrz.) Gœrz ,species
634,Salix,Desf.,,Desf. ,species
634,Salix,Boiss.,,Boiss. ,species
634,Salix,A.,,A. Cam. et R. Gomb. ,species
634,Salix,L.,,L. ,species
634,Salix,Forsk.,,Forsk. ,species
634,Salix,Willd.,,Willd. ,species
634,Salix,Freyn,,Freyn et Sint. ,species
634,Salsola,,,,genus
634,Salsola,Cav.,,Cav. ,species
634,Salsola,Post,,Post ,species
634,Salsola,Mout.,,Mout. ,species
634,Salsola,Moqu.,,Moqu. ,species
634,Salsola,M.,,M. Bieb. ,species
634,Salsola,L.,,L. ,species
634,Salsola,M.,,M. Bieb. ,species
634,Salsola,Mout.,,Mout. ,species
634,Salsola,Bornm.,,Bornm. ,species
634,Salsola,Pali.,,Pali. ,species
634,Salsola,C.,,C. A. Mey. ,species
634,Salsola,Forsk.,,Forsk. ,species
634,Salsola,Eig,,Eig ,species
634,j.,kali,,kali L. ,species
634,j.,Boiss.,,Boiss. ,species
634,j.,Forsk.,,Forsk. ,species
634,j.,L.,,L. ,species
634,j.,Eig,,Eig ,species
634,j.,Pali.,,Pali. ,species
634,j.,Popov,,Popov ,species
634,j.,Forsk;,,Forsk; ,species
634,j.,L.,,L. ,species
634,j.,Del.,,Del. ,species
634,j.,Asch.,,Asch. et Schw. ,species
634,j.,Mout.,,Mout. ,species
634,Salvinia,,,,genus
634,Salvinia,(L.),,(L.) All. ,species
634,Saponaria,,,,genus
634,Saponaria,Gomb.,,Gomb. ,species
634,Saponaria,Boiss.,,Boiss. ,species
634,Saponaria,Boiss.,,Boiss. ,species
634,Saponaria,M.,,M. Bieb. ,species
634,Saponaria,Labili.,,Labili. ,species
634,Saponaria,Boiss.,,Boiss. et Hausskn. ,species
634,Saponaria,Boiss.,,Boiss. ,species
634,Saponaria,L.,,L. ,species
634,Saponaria,Boiss.,,Boiss. ,species
634,Saponaria,Boiss.,,Boiss. ,species
634,Saponaria,Neck.,,Neck. ,species
634,Saponaria,Boiss.,,Boiss. ,species
634,Saponaria,Boiss.,,Boiss. ,species
634,Saponaria,L.,,L. ,species
634,Schanginia,,,,genus
634,Schanginia,(Forsk.),,(Forsk.) Moqu. ,species
634,Schismus,,,,genus
634,Schismus,Nees,,Nees ,species
634,Schismus,(L.),,(L.) Thell. ,species
634,Schismus,(L.),,(L.) Host ,species
634,Schoberia,salsa,,salsa C. A. Mey. ,species
634,Schœnus,,,,genus
634,Schœnus,L.,,L. ,species
634,Schœnus,L.,,L. ,species
634,Schœnus,L.,,L. ,species
634,Schœnus,L.,,L. ,species
634,Scilla,,,,genus
634,Scilla,L.,,L. ,species
634,Scilla,L.,,L. ,species
634,Scilla,Red.,,Red. ,species
634,Scilla,Siehe,,Siehe ,species
634,Scilla,Baker,,Baker ,species
634,Scilla,Fisch.,,Fisch. et Mey. ,species
634,Scilla,L.,,L. ,species
634,Scilla,L.,,L. ,species
634,Scilla,Andr.,,Andr. ,species
634,Scilla,C.,,C. Koch ,species
634,Scirpus,,,,genus
634,Scirpus,Forsk.,,Forsk. ,species
634,Scirpus,Vahl,,Vahl ,species
634,Scirpus,(L.),,(L.) Pers. ,species
634,Scirpus,L.,,L. ,species
634,Scirpus,L.,,L. ,species
634,Scirpus,Savi,,Savi ,species
634,Scirpus,L.,,L. ,species
634,Scirpus,Forsk.,,Forsk. ,species
634,Scirpus,L.,,L. ,species
634,Scirpus,Post,,Post ,species
634,Scirpus,Schrad.,,Schrad. ,species
634,Scirpus,L.,,L. ,species
635,Scirpus,FLORE,,FLORE ,species
635,Scirpus,L.,,L. ,species
635,Scirpus,L.,,L. ,species
635,Scirpus,L.,,L. ,species
635,Scirpus,Gmel.,,Gmel. ,species
635,Scirpus,Gr.,,Gr. et Godr. ,species
635,Scirpus,Desf.,,Desf. ,species
635,Scleranthus,,,,genus
635,Scleranthus,L.,,L. ,species
635,Scleranthus,Horn.,,Horn. ,species
635,Scleranthus,Hausskn.,,Hausskn. ,species
635,Scleranthus,Rôssler,,Rôssler ,species
635,Scleranthus,Schur.,,Schur. ,species
635,Scleranthus,Tausch,,Tausch ,species
635,Sclerochloa,,,,genus
635,Sclerochloa,(L.),,(L.) Beauv. ,species
635,Sclerochloa,(Curt.),,(Curt.) Smith ,species
635,Scleropoa,,,,genus
635,Scleropoa,(Forsk.),,(Forsk.) Pari. ,species
635,Scleropoa,(L.),,(L.) Pari. ,species
635,Scleropoa,(Spreng.),,(Spreng.) Pari. ,species
635,Scleropoa,Boiss.,,Boiss. ,species
635,Scleropoa,(Curt.),,(Curt.) Boiss. ,species
635,Scleropoa,(L.),,(L.) Griseb. ,species
635,Scolopendrium,,,,genus
635,Scolopendrium,Lagr.,,Lagr. ,species
635,Scolopendrium,Smith,,Smith ,species
635,Secale,,,,genus
635,Secale,L.,,L. ,species
635,Secale,Guss.,,Guss. ,species
635,Seidlitzia,,,,genus
635,Seidlitzia,M.,,M. Bieb. ,species
635,Seidlitzia,(Ehr.),,(Ehr.) Bunge ,species
635,Selaginella,,,,genus
635,Selaginella,(L.),,(L.) Link ,species
635,Serapias,,,,genus
635,Serapias,Mill.,,Mill. ,species
635,Serapias,Murr.,,Murr. ,species
635,Serapias,L.,,L. ,species
635,Serapias,Huds.,,Huds. ,species
635,Serapias,Poil.,,Poil. ,species
635,Serapias,(Jundz.),,(Jundz.) L. C. Rich. ,species
635,Serapias,L.,,L. ,species
635,Serapias,(Burm.),,(Burm.) Briquet ,species
635,Sesleria,,,,genus
635,Sesleria,Deyl,,Deyl ,species
635,Sesleria,Savi,,Savi ,species
635,Sesleria,Bal.,,Bal. ,species
635,Setaria,,,,genus
635,Setaria,(L.),,(L.) Beauv. ,species
635,Setaria,(L.),,(L.) Beauv. ,species
635,Setaria,(Weigel),,(Weigel) Hubb. ,species
635,Setaria,(L.),,(L.) Beauv. ,species
635,Setaria,(L.),,(L.) Beauv. ,species
635,Silène,,,,genus
635,Silène,L.,,L. fil. ,species
635,Silène,Mill.,,Mill. ,species
635,Silène,Boiss.,,Boiss. ,species
635,Silène,Willd.,,Willd. ,species
635,Silène,BL,,BL ,species
635,Silène,Juss.,,Juss. ,species
635,Silène,L.,,L. ,species
635,Silène,Desf.,,Desf. ,species
635,Silène,Boiss.,,Boiss. ,species
635,Silène,(L.),,(L.) A. Br. ,species
635,Silène,Boiss.,,Boiss. ,species
635,Silène,(Poir.),,(Poir.) Otth ,species
635,Silène,Boiss.,,Boiss. ,species
635,Silène,L.,,L. ,species
635,Silène,Boiss.,,Boiss. ,species
635,Silène,Smith,,Smith ,species
635,Silène,Poir.,,Poir. ,species
635,Silène,Guss.,,Guss. ,species
635,Silène,Fisch.,,Fisch. ,species
635,Silène,Chowdhuri,,Chowdhuri ,species
635,Silène,Otth,,Otth ,species
635,Silène,L.,,L. ,species
635,Silène,Fenzl,,Fenzl ,species
635,Silène,L.,,L. ,species
635,Silène,Wib.,,Wib. ,species
635,Silène,Boiss.,,Boiss. et Gaill. ,species
635,Silène,Bib.,,Bib. ,species
635,Silène,Ehrh.,,Ehrh. ,species
635,Silène,Bienert,,Bienert ,species
635,Silène,Link,,Link ,species
635,Silène,L.,,L. ,species
635,Silène,L.,,L. ,species
635,Silène,Boiss.,,Boiss. ,species
635,Silène,Boiss.,,Boiss. ,species
635,Silène,(Salisb.),,(Salisb.) Smith ,species
635,Silène,Post,,Post ,species
635,Silène,(L.),,(L.) Pers. ,species
635,Silène,Sibth.,,Sibth. et Smith ,species
635,Silène,Boiss.,,Boiss. ,species
635,Silène,(Ait.),,(Ait.) A. Br. ,species
635,Silène,Fenzl,,Fenzl ,species
635,Silène,Boiss.,,Boiss. ,species
635,Silène,Decne,,Decne ,species
635,Silène,Ventenat,,Ventenat ,species
635,Silène,Boiss.,,Boiss. ,species
635,Silène,Boiss.,,Boiss. ,species
635,Silène,Boiss.,,Boiss. ,species
635,Silène,C.,,C. A. Mey. ,species
635,Silène,Boiss.,,Boiss. et Bl. ,species
635,Silène,L.,,L. ,species
635,Silène,L.,,L. ,species
635,Silène,Fenzl,,Fenzl ,species
635,Silène,Otth,,Otth ,species
635,Silène,Boiss.,,Boiss. ,species
635,Silène,Boiss.,,Boiss. ,species
635,Silène,Fenzl,,Fenzl ,species
635,Silène,Boiss.,,Boiss. ,species
635,Silène,Ledeb.,,Ledeb. ,species
635,Silène,D.C.,,D.C. ,species
635,Silène,Boiss.,,Boiss. ,species
635,Silène,Otth,,Otth ,species
636,Silène,FLORE,,FLORE ,species
636,Silène,Boiss.,,Boiss. ,species
636,Silène,L.,,L. ,species
636,Silène,Boiss.,,Boiss. ,species
636,Silène,Poir.,,Poir. ,species
636,Silène,Viv.,,Viv. ,species
636,Silène,Reichb.,,Reichb. ,species
636,Silène,Boiss.,,Boiss. et Gaill. ,species
636,Silène,Boiss.,,Boiss. et Hausskn. ,species
636,Silène,Fenzl,,Fenzl ,species
636,Silène,Ehrh.,,Ehrh. ,species
636,Silène,Forsk.,,Forsk. ,species
636,Silène,Boiss.,,Boiss. ,species
636,Silène,Boiss.,,Boiss. ,species
636,Silène,Banks,,Banks et Sol. ,species
636,Silène,(Gilib.),,(Gilib.) Asch. ,species
636,Silène,Mœnch,,Mœnch ,species
636,Smilax,,,,genus
636,Smilax,L.,,L. ,species
636,Smilax,L.,,L. ,species
636,Sorghum,,,,genus
636,Sorghum,(L.),,(L.) Pers. ,species
636,Sorghum,Decne,,Decne ,species
636,Sparganium,,,,genus
636,Sparganium,L.,,L. ,species
636,Sparganium,Beeby,,Beeby ,species
636,Sparganium,Curt.,,Curt. ,species
636,Spergula,,,,genus
636,Spergula,L.,,L. ,species
636,Spergula,(Lowe),,(Lowe) E. L. Krause ,species
636,Spergula,(Roxb.),,(Roxb.) Asch. ,species
636,Spergularia,,,,genus
636,Spergularia,(Heldr.,,(Heldr. et Sart.) ,species
636,Spergularia,(Heldr.,et,Schw. ,Asch.
636,Spergularia,(Sol.),,(Sol.) Fouc. ,species
636,Spergularia,Guss.,,Guss. ,species
636,Spergularia,(D.C.),,(D.C.) Murb. ,species
636,Spergularia,(L.),,(L.) Griseb. ,species
636,Spergularia,(L.),,(L.) G. Presl ,species
636,Spergularia,L.,,L. ,species
636,Spergularia,J.,,J. et C. Presl ,species
636,Sphenopus,,,,genus
636,Sphenopus,(Gouan),,(Gouan) Reichenb. ,species
636,Spinacia,,,,genus
636,Spinacia,L.,,L. ,species
636,Spinacia,Stev.,,Stev. ,species
636,Spiranthes,,,,genus
636,Spiranthes,(Balb.),,(Balb.) L. C. Rich. ,species
636,Spiranthes,L.,,L. ,species
636,Spirodela,,,,genus
636,Spirodela,(L.),,(L.) Scheid. ,species
636,Spodiopogon,pogonanthus,,pogonanthus ,species
636,Sporobolus,,,,genus
636,Sporobolus,(Gouan),,(Gouan) Duval-Jouve ,species
636,Sporobolus,(Schreb.),,(Schreb.) Kunth ,species
636,Flore,,,,genus
636,Flore,(L.),,(L.) Kunth ,species
636,Stellaria,,,,genus
636,apetala,Ucria,,Ucria ,species
636,apetala,L.,,L. ,species
636,apetala,Boiss.,,Boiss. et Bal. ,species
636,apetala,Bast.,,Bast. ,species
636,apetala,L.),,L.) Vili. ,species
636,apetala,Weihe,,Weihe ,species
636,apetala,Pire,,Pire ,species
636,Sternbergia,,,,genus
636,Sternbergia,Ker-Gawler,,Ker-Gawler ,species
636,Sternbergia,Waldst.,,Waldst. et Kit. ,species
636,Sternbergia,(Herb.),,(Herb.) Rœm. ,species
636,Sternbergia,Gay,,Gay ,species
636,Sternbergia,Boiss.,,Boiss. et Bl. ,species
636,Sternbergia,Dinsmore,,Dinsmore ,species
636,Sternbergia,Boiss.,,Boiss. et Hausskn. ,species
636,Stipa,,,,genus
636,Stipa,L.,,L. ,species
636,Stipa,Hand.-Mazz.,,Hand.-Mazz. ,species
636,Stipa,Desf.,,Desf. ,species
636,Stipa,(L.),,(L.) Desf. ,species
636,Stipa,Thunb.,,Thunb. ,species
636,Stipa,Boiss.,,Boiss. ,species
636,Stipa,Pari.,,Pari. ,species
636,Stipa,Rœm.,,Rœm. et Schult. ,species
636,Stipa,L.,,L. ,species
636,Stipa,Sçhousb.,,Sçhousb. ,species
636,Stipa,Desf.,,Desf. ,species
636,Stipa,Cav.,,Cav. ,species
636,Stipa,Desf.,,Desf. ,species
636,Suaeda,,,,genus
636,Suaeda,L.,,L. ,species
636,Suaeda,Boiss.,,Boiss. ,species
636,Suaeda,Forsk.,,Forsk. ,species
636,Suaeda,Post,,Post ,species
636,Suaeda,(L.),,(L.) Forsk. ,species
636,Suaeda,Pali.,,Pali. ,species
636,Suaeda,Ehr.,,Ehr. ,species
636,Suaeda,(C.,,(C. A. Mey.) Pali. ,species
636,Tseniatherum,,,,genus
636,Tseniatherum,(L.),,(L.) Nevski ,species
636,Tseniatherum,(Schreb.),,(Schreb.) Nevski ,species
636,Tamus,,,,genus
636,Tamus,L.,,L. ,species
636,Tamus,Thiéb.,,Thiéb. ,species
636,Telephium,,,,genus
636,Telephium,L.,,L. ,species
636,Thelygonum,,,,genus
636,Thelygonum,L.,,L. ,species
636,Themeda,,,,genus
636,Themeda,(Kunth,,(Kunth ,species
636,Themeda,(L.),,(L.) Kuntze ,species
636,Themeda,Forsk.˛,,Forsk.˛ ,species
636,Theresia,libanotica,,libanotica Boiss. ,species
637,Theresia,FLORE,,FLORE ,species
637,Thesium,,,,genus
637,Thesium,Horv.,,Horv. ,species
637,Thesium,Zucc.,,Zucc. ,species
637,Thesium,Jan.,,Jan. ,species
637,Thesium,Boiss.,,Boiss. ,species
637,Thesium,Vahl,,Vahl ,species
637,Thesium,Ehrenb.,,Ehrenb. ,species
637,Thesium,Hayne,,Hayne ,species
637,Trachynia,,,,genus
637,Trachynia,(L.),,(L.) Link ,species
637,Traganum,,,,genus
637,Traganum,Del.,,Del. ,species
637,Trickonema,nivalis,,nivalis Boiss. et Ky ,species
637,Trisetaria,,,,genus
637,Trisetaria,(Trin.),,(Trin.) Maire ,species
637,Trisetaria,(L.),,(L.) Maire ,species
637,Trisetaria,(Boiss.),,(Boiss.) Maire ,species
637,Trisetaria,(Bornm.,,(Bornm. et Hack.) ,species
637,Trisetaria,Forsk.,,Forsk. ,species
637,Trisetum,,,,genus
637,Trisetum,Trin.,,Trin. ,species
637,Trisetum,(L.),,(L.) Beauv. ,species
637,Trisetum,Boiss.,,Boiss. ,species
637,Trisetum,Bornm.,,Bornm. et Hack. ,species
637,Trisetum,(Forsk.),,(Forsk.) Boiss. ,species
637,Triticum,,,,genus
637,Triticum,Forsk.,,Forsk. ,species
637,Triticum,Spreng.,,Spreng. ,species
637,Triticum,(Kornicke),,(Kornicke) Aar. ,species
637,Triticum,Host,,Host ,species
637,Triticum,L.,,L. ,species
637,Triticum,Bertol.,,Bertol. ,species
637,Triticum,L.,,L. ,species
637,Triticum,L.,,L. ,species
637,Triticum,Pari.,,Pari. ,species
637,Triticum,Hack.,,Hack. ,species
637,Triticum,L.,,L. ,species
637,Triticum,Roth,,Roth ,species
637,Triticum,Reut.,,Reut. ,species
637,Triticum,L.,,L. ,species
637,Triticum,Vili.,,Vili. ,species
637,Tulipa,,,,genus
637,Tulipa,D.C.,,D.C. ,species
637,Tulipa,Regel,,Regel ,species
637,Tulipa,Baker,,Baker ,species
637,Tulipa,Pali.,,Pali. ,species
637,Tulipa,D.C.,,D.C. ,species
637,Tulipa,Regel,,Regel ,species
637,Tulipa,Regel,,Regel ,species
637,Tulipa,Baker,,Baker ,species
637,Tulipa,Lindley,,Lindley ,species
637,Tulipa,St-Amans,,St-Amans ,species
637,Tulipa,Ten.,,Ten. ,species
637,Tulipa,Stapf,,Stapf ,species
637,Tunica,,,,genus
637,Tunica,Boiss.,,Boiss. ,species
637,Tunica,Boiss.,Jaub.,et Spach ,brachypetala
637,Tunica,Boiss.,Fisch.,et Mey. ,pachygona
637,Tunica,Boiss.,Boiss.,,syriaca
637,Tunica,Boiss.,(Guss.),Fisch. et Mey. ,velutina
637,Typha,,,,genus
637,Typha,,Bory,et Chaub. ,angustata
637,Typha,,L.,,angustifolia
637,Typha,,Schum.,et Thonn. ,australis
637,Typha,L.,,L. ,species
637,Typha,L.,Lepechin,,laxmannii
637,Typha,L.,Fisch.,et Mey. ,stenophylla
637,Ulmus,,,,genus
637,Ulmus,,L.,,campestris
637,Ulmus,,Melville,,canescens
637,Ulmus,,Huds.,,glabra
637,Ulmus,,Mill.,,minor
637,Ulmus,,Willd.,,montana
637,Urginea,,,,genus
637,Urginea,,(L.),Baker ,maritima
637,Urginea,,Sternb.,,scilla
637,Urockloa,reptans,,reptans (L.) Stapf ,species
637,Urtica,,,,genus
637,Urtica,,Vahl,,caudata
637,Urtica,,L.,,dioica
637,Urtica,,Thiéb.,,fragilis
637,Urtica,,Feinbr.,,hulensis
637,Urtica,,Poir.,,membranacea
637,Urtica,,L.,,pilulifera
637,Urtica,,L.,,urens
637,Vaccaria,,,,genus
637,Vaccaria,,(Boiss.,et Hausskn.) Bornm. ,liniflora
637,Vaccaria,,Boiss.,,oxydonta
637,Vaccaria,,Mœnch,,parviflora
637,Vaccaria,,Medik.,,pyramidata
637,Vaccaria,,(Necker),Garcke ,segetalis
637,Vallisneria,,,,genus
637,Vallisneria,,L.,,spiralis
637,Velezia,,,,genus
637,Velezia,,Boiss.,,fasciculata
637,Velezia,,L.,,rigida
637,Ventenata,,,,genus
637,Ventenata,,Boiss.,,blanchei
637,Ventenata,,(Stev.),Boiss. ,macra
637,Viscum,,,,genus
637,Viscum,,L.,,album
637,Viscum,,Sieb.,,cruciatum
637,Viscum,,Boiss.,et Reut. ,laxum
638,Viscum,FLORE,,FLORE ,species
638,Viscum,Boiss.,,Boiss. ,species
638,Viscum,(L.),,(L.) Gray ,species
638,Viscum,(Pers.),,(Pers.) Link ,species
638,Viscum,(All.),,(All.) Gola ,species
638,Viscum,Boiss.,,Boiss. ,species
638,Viscum,(Del.),,(Del.) Hack. ,species
638,Viscum,(L.),,(L.) Link ,species
638,Viscum,(L.),,(L.) C. C. Gmel. ,species
638,Viscum,Boiss.,,Boiss. ,species
638,Viscum,Del.,,Del. ,species
638,Viscum,(Roth),,(Roth) Gmel. ,species
638,Viscum,(Sol.),,(Sol.) Dumort. ,species
638,Weingartneria,,,,genus
638,Wolffia,arrhiza,,arrhiza (L.) Wimm. ,species
638,Zannichellia,,,,genus
638,Zannichellia,L.,,L. ,species
638,Zea,mays,,mays L. ,species
638,Zebrina,pendula,,pendula Schnizl ,species
638,Zingeria,biebersteiniana,,biebersteiniana (Claus) P. Smirnov ,species
638,Zostera,,,,genus
638,Zostera,Roth,,Roth ,species
